img_size,conf_thresh,iou_thresh,skip_interval,appearance_weight,MOTA,IDF1,FPS
320,0.8,0.3,5,1.0,0.8500000000000001,0.75,49.177
640,0.2,0.7,5,1.0,1.0,0.81,41.126
320,0.2,0.3,5,1.0,0.8,0.78,43.902
640,0.2,0.3,1,0.0,0.9,0.78,23.149
640,0.8,0.7,5,0.0,0.8500000000000001,0.78,48.434
960,0.2,0.7,5,0.0,0.9500000000000001,0.75,37.615
640,0.8,0.3,1,1.0,0.9,0.81,28.359
320,0.8,0.7,1,1.0,1.0,0.75,29.519
640,0.2,0.7,1,0.0,0.9,0.78,22.72
640,0.2,0.3,5,1.0,1.0,0.81,42.184
960,0.2,0.7,1,0.0,0.8,0.75,21.907
960,0.8,0.3,1,1.0,0.9500000000000001,0.81,25.569
640,0.2,0.7,1,0.0,0.9,0.78,22.775
320,0.8,0.7,1,1.0,1.0,0.75,28.695
640,0.8,0.3,5,1.0,0.8500000000000001,0.78,46.933
640,0.2,0.3,1,1.0,1.0,0.75,22.623
320,0.8,0.7,1,0.0,1.0,0.75,28.47
640,0.8,0.3,5,1.0,0.8500000000000001,0.78,47.876
320,0.8,0.7,1,0.0,1.0,0.75,27.969
640,0.2,0.7,1,1.0,1.0,0.75,22.551
640,0.8,0.3,5,1.0,0.8500000000000001,0.78,48.159
320,0.8,0.3,5,1.0,0.8500000000000001,0.75,50.654
640,0.8,0.7,1,0.0,1.0,0.78,28.449
640,0.2,0.7,1,1.0,1.0,0.75,22.881
320,0.8,0.7,1,1.0,1.0,0.75,30.144
640,0.2,0.3,5,1.0,1.0,0.81,41.445
640,0.8,0.3,1,0.0,1.0,0.78,28.82
960,0.2,0.7,1,0.0,0.8,0.75,21.902
640,0.8,0.3,5,1.0,0.8500000000000001,0.78,47.393
640,0.8,0.7,5,0.0,0.8500000000000001,0.78,48.857
320,0.8,0.7,1,1.0,1.0,0.75,28.649
640,0.8,0.7,1,0.0,1.0,0.78,28.687
960,0.2,0.7,1,0.0,0.8,0.75,22.08
640,0.2,0.7,1,0.0,0.9,0.78,23.145
960,0.8,0.3,1,1.0,0.9500000000000001,0.81,25.354
960,0.2,0.3,5,1.0,0.9,0.81,35.891
320,0.8,0.7,1,1.0,1.0,0.75,28.892
640,0.8,0.7,1,1.0,0.9,0.81,28.15
640,0.8,0.3,1,1.0,0.9,0.81,28.374
640,0.2,0.3,1,1.0,1.0,0.75,22.21
640,0.8,0.3,5,1.0,0.8500000000000001,0.78,48.026
640,0.2,0.7,5,1.0,1.0,0.81,40.775
640,0.8,0.7,1,1.0,0.9,0.81,28.052
640,0.2,0.3,1,0.0,0.9,0.78,22.797
640,0.8,0.3,5,0.0,0.8500000000000001,0.78,48.265
320,0.2,0.3,5,1.0,0.8,0.78,41.77
640,0.2,0.3,1,0.0,0.9,0.78,23.076
640,0.8,0.3,1,1.0,0.9,0.81,27.757
640,0.2,0.3,1,0.0,0.9,0.78,23.409
320,0.2,0.3,5,1.0,0.8,0.78,43.944
640,0.2,0.3,5,1.0,1.0,0.81,39.353
640,0.8,0.3,5,1.0,0.8500000000000001,0.78,47.911
960,0.2,0.3,5,1.0,0.9,0.81,38.26
320,0.8,0.3,5,1.0,0.8500000000000001,0.75,51.13
960,0.8,0.3,1,1.0,0.9500000000000001,0.81,26.129
960,0.8,0.3,5,1.0,0.8500000000000001,0.75,43.99
640,0.8,0.7,5,0.0,0.8500000000000001,0.78,48.607
320,0.8,0.7,5,1.0,0.8500000000000001,0.75,49.366
640,0.8,0.3,5,1.0,0.8500000000000001,0.78,47.74
320,0.2,0.3,5,1.0,0.8,0.78,42.334
960,0.2,0.3,5,1.0,0.9,0.81,38.885
960,0.8,0.3,5,1.0,0.8500000000000001,0.75,45.276
640,0.8,0.3,1,1.0,0.9,0.81,28.061
640,0.2,0.7,5,1.0,1.0,0.81,41.332
640,0.2,0.7,5,1.0,1.0,0.81,40.828
640,0.8,0.3,5,1.0,0.8500000000000001,0.78,48.473
640,0.8,0.7,5,0.0,0.8500000000000001,0.78,47.877
320,0.8,0.7,5,0.0,0.8500000000000001,0.75,51.588
640,0.2,0.7,5,0.0,1.0,0.78,42.236
960,0.8,0.3,1,1.0,0.9500000000000001,0.81,26.804
320,0.2,0.7,1,1.0,1.0,0.75,23.057
320,0.8,0.3,5,1.0,0.8500000000000001,0.75,53.627
320,0.8,0.3,5,1.0,0.8500000000000001,0.75,52.353
320,0.8,0.3,5,1.0,0.8500000000000001,0.75,51.509
640,0.8,0.3,5,1.0,0.8500000000000001,0.78,49.734
640,0.8,0.3,5,1.0,0.8500000000000001,0.78,47.535
320,0.8,0.3,5,1.0,0.8500000000000001,0.75,51.079
960,0.8,0.3,1,1.0,0.9500000000000001,0.81,26.023
960,0.8,0.3,1,1.0,0.9500000000000001,0.81,26.296
960,0.8,0.3,5,1.0,0.8500000000000001,0.75,43.529
320,0.8,0.7,1,1.0,1.0,0.75,28.499
640,0.2,0.7,5,1.0,1.0,0.81,40.139
640,0.2,0.3,1,1.0,1.0,0.75,22.28
640,0.2,0.3,5,1.0,1.0,0.81,42.479
960,0.2,0.3,5,1.0,0.9,0.81,39.106
640,0.8,0.3,5,0.0,0.8500000000000001,0.78,48.357
320,0.8,0.3,5,1.0,0.8500000000000001,0.75,51.674
640,0.8,0.3,5,0.0,0.8500000000000001,0.78,46.613
640,0.8,0.7,5,1.0,0.8500000000000001,0.78,49.874
640,0.8,0.3,5,1.0,0.8500000000000001,0.78,48.245
640,0.8,0.3,5,1.0,0.8500000000000001,0.78,48.599
640,0.8,0.7,5,0.0,0.8500000000000001,0.78,49.229
640,0.2,0.7,5,0.0,1.0,0.78,43.282
640,0.2,0.7,5,1.0,1.0,0.81,40.961
320,0.8,0.3,5,1.0,0.8500000000000001,0.75,48.536
320,0.8,0.3,5,1.0,0.8500000000000001,0.75,50.177
320,0.8,0.3,5,1.0,0.8500000000000001,0.75,51.852
640,0.8,0.7,5,1.0,0.8500000000000001,0.78,47.735
320,0.8,0.3,5,1.0,0.8500000000000001,0.75,49.195
640,0.8,0.7,5,0.0,0.8500000000000001,0.78,48.187
320,0.8,0.3,5,1.0,0.8500000000000001,0.75,48.383
320,0.8,0.3,5,1.0,0.8500000000000001,0.75,51.12
640,0.8,0.3,5,1.0,0.8500000000000001,0.78,48.014
640,0.8,0.3,5,1.0,0.8500000000000001,0.78,47.206
320,0.8,0.3,5,1.0,0.8500000000000001,0.75,51.332
640,0.8,0.7,5,0.0,0.8500000000000001,0.78,48.788
640,0.8,0.7,5,0.0,0.8500000000000001,0.78,48.592
320,0.8,0.7,5,1.0,0.8500000000000001,0.75,50.574
640,0.2,0.7,5,1.0,1.0,0.81,40.206
640,0.2,0.3,5,1.0,1.0,0.81,42.27
640,0.8,0.3,5,0.0,0.8500000000000001,0.78,47.478
640,0.2,0.7,5,0.0,1.0,0.78,40.818
640,0.8,0.3,5,1.0,0.8500000000000001,0.78,49.066
320,0.8,0.7,5,0.0,0.8500000000000001,0.75,50.257
320,0.8,0.7,5,0.0,0.8500000000000001,0.75,50.258
640,0.8,0.3,5,1.0,0.8500000000000001,0.78,47.48
320,0.8,0.3,5,1.0,0.8500000000000001,0.75,47.715
640,0.2,0.7,5,1.0,1.0,0.81,41.466
640,0.8,0.3,5,1.0,0.8500000000000001,0.78,47.68
640,0.8,0.3,5,0.0,0.8500000000000001,0.78,46.746
320,0.8,0.3,5,1.0,0.8500000000000001,0.75,51.033
640,0.2,0.3,5,1.0,1.0,0.81,40.763
640,0.2,0.7,5,1.0,1.0,0.81,41.283
640,0.2,0.7,5,1.0,1.0,0.81,40.431
640,0.2,0.7,5,1.0,1.0,0.81,41.999
640,0.8,0.3,5,1.0,0.8500000000000001,0.78,47.112
320,0.8,0.3,5,1.0,0.8500000000000001,0.75,50.635
640,0.2,0.7,5,1.0,1.0,0.81,42.964
320,0.8,0.3,5,1.0,0.8500000000000001,0.75,49.659
320,0.8,0.3,5,1.0,0.8500000000000001,0.75,51.639
640,0.2,0.7,5,1.0,1.0,0.81,42.313
320,0.8,0.3,5,1.0,0.8500000000000001,0.75,50.436
640,0.8,0.3,5,1.0,0.8500000000000001,0.78,51.768
640,0.2,0.3,5,1.0,1.0,0.81,42.851
640,0.8,0.7,5,0.0,0.8500000000000001,0.78,49.136
320,0.8,0.7,5,0.0,0.8500000000000001,0.75,50.686
320,0.8,0.3,5,1.0,0.8500000000000001,0.75,51.371
320,0.8,0.3,5,1.0,0.8500000000000001,0.75,51.883
640,0.2,0.7,5,0.0,1.0,0.78,42.332
640,0.8,0.7,5,0.0,0.8500000000000001,0.78,50.229
640,0.2,0.7,5,1.0,1.0,0.81,44.325
640,0.8,0.7,5,0.0,0.8500000000000001,0.78,48.556
640,0.8,0.7,5,0.0,0.8500000000000001,0.78,49.843
640,0.8,0.7,5,0.0,0.8500000000000001,0.78,51.049
640,0.8,0.7,5,0.0,0.8500000000000001,0.78,49.781
640,0.2,0.7,5,0.0,1.0,0.78,45.678
320,0.2,0.3,5,1.0,0.8,0.78,43.852
320,0.8,0.7,5,0.0,0.8500000000000001,0.75,51.636
640,0.2,0.3,5,1.0,1.0,0.81,42.392
640,0.2,0.7,5,0.0,1.0,0.78,41.548
640,0.8,0.7,5,0.0,0.8500000000000001,0.78,49.356
640,0.8,0.3,5,1.0,0.8500000000000001,0.78,48.614
640,0.8,0.7,5,1.0,0.8500000000000001,0.78,47.874
640,0.8,0.7,5,0.0,0.8500000000000001,0.78,49.375
640,0.2,0.7,5,1.0,1.0,0.81,42.225
640,0.8,0.7,5,0.0,0.8500000000000001,0.78,49.726
640,0.8,0.7,5,1.0,0.8500000000000001,0.78,49.892
320,0.8,0.7,5,0.0,0.8500000000000001,0.75,49.84
640,0.2,0.7,5,1.0,1.0,0.81,44.748
640,0.8,0.3,5,1.0,0.8500000000000001,0.78,49.081
320,0.8,0.3,5,1.0,0.8500000000000001,0.75,51.737
640,0.8,0.7,5,1.0,0.8500000000000001,0.78,49.155
640,0.2,0.7,5,0.0,1.0,0.78,42.553
320,0.8,0.3,5,1.0,0.8500000000000001,0.75,51.723
640,0.2,0.3,5,1.0,1.0,0.81,40.692
640,0.8,0.3,5,1.0,0.8500000000000001,0.78,48.3
640,0.2,0.7,5,1.0,1.0,0.81,42.811
640,0.2,0.3,5,1.0,1.0,0.81,40.188
640,0.8,0.7,5,0.0,0.8500000000000001,0.78,48.342
640,0.8,0.3,5,1.0,0.8500000000000001,0.78,49.798
640,0.8,0.7,5,0.0,0.8500000000000001,0.78,47.787
320,0.8,0.3,5,1.0,0.8500000000000001,0.75,51.984
640,0.2,0.7,5,1.0,1.0,0.81,40.432
640,0.2,0.7,5,1.0,1.0,0.81,41.254
320,0.8,0.3,5,1.0,0.8500000000000001,0.75,50.41
640,0.2,0.7,5,0.0,1.0,0.78,40.757
640,0.8,0.3,5,1.0,0.8500000000000001,0.78,47.267
320,0.8,0.3,5,1.0,0.8500000000000001,0.75,47.386
320,0.2,0.3,5,1.0,0.8,0.78,42.623
640,0.2,0.7,5,1.0,1.0,0.81,39.863
320,0.8,0.3,5,1.0,0.8500000000000001,0.75,50.038
320,0.8,0.7,5,1.0,0.8500000000000001,0.75,48.857
640,0.2,0.7,5,1.0,1.0,0.81,41.217
640,0.2,0.7,5,1.0,1.0,0.81,41.985
640,0.8,0.7,5,1.0,0.8500000000000001,0.78,47.542
640,0.8,0.3,5,1.0,0.8500000000000001,0.78,49.463
320,0.2,0.3,5,1.0,0.8,0.78,43.832
640,0.2,0.3,5,1.0,1.0,0.81,39.677
320,0.8,0.3,5,1.0,0.8500000000000001,0.75,49.462
640,0.2,0.7,5,1.0,1.0,0.81,41.182
320,0.8,0.3,5,1.0,0.8500000000000001,0.75,48.637
320,0.8,0.3,5,1.0,0.8500000000000001,0.75,49.278
320,0.8,0.3,5,1.0,0.8500000000000001,0.75,48.325
640,0.8,0.3,5,1.0,0.8500000000000001,0.78,47.688
640,0.8,0.3,5,1.0,0.8500000000000001,0.78,47.02
320,0.2,0.3,5,1.0,0.8,0.78,40.949
640,0.8,0.7,5,1.0,0.8500000000000001,0.78,47.686
640,0.8,0.3,5,1.0,0.8500000000000001,0.78,47.065
640,0.2,0.7,5,1.0,1.0,0.81,40.779
320,0.8,0.3,5,1.0,0.8500000000000001,0.75,47.93
640,0.2,0.7,5,1.0,1.0,0.81,39.161
640,0.8,0.7,5,1.0,0.8500000000000001,0.78,46.251
640,0.8,0.3,5,0.0,0.8500000000000001,0.78,45.785
640,0.2,0.7,5,0.0,1.0,0.78,40.72
640,0.8,0.7,5,1.0,0.8500000000000001,0.78,48.363
640,0.2,0.7,5,1.0,1.0,0.81,40.817
320,0.8,0.3,5,0.0,0.8500000000000001,0.75,49.387
640,0.8,0.3,5,1.0,0.8500000000000001,0.78,46.19
320,0.8,0.7,5,0.0,0.8500000000000001,0.75,48.384
640,0.8,0.7,5,0.0,0.8500000000000001,0.78,44.687
640,0.2,0.7,5,1.0,1.0,0.81,41.721
640,0.2,0.7,5,1.0,1.0,0.81,41.145
320,0.8,0.3,5,1.0,0.8500000000000001,0.75,51.492
640,0.8,0.3,5,1.0,0.8500000000000001,0.78,49.003
320,0.8,0.3,5,1.0,0.8500000000000001,0.75,52.104
640,0.2,0.7,5,1.0,1.0,0.81,41.456
640,0.2,0.7,5,1.0,1.0,0.81,41.976
640,0.8,0.3,5,1.0,0.8500000000000001,0.78,46.271
640,0.8,0.3,5,1.0,0.8500000000000001,0.78,48.319
640,0.2,0.7,5,1.0,1.0,0.81,42.272
640,0.8,0.7,5,1.0,0.8500000000000001,0.78,48.139
640,0.2,0.7,5,1.0,1.0,0.81,41.249
640,0.2,0.7,5,1.0,1.0,0.81,40.584
320,0.8,0.3,5,1.0,0.8500000000000001,0.75,51.135
640,0.2,0.7,5,0.0,1.0,0.78,39.553
640,0.8,0.7,5,0.0,0.8500000000000001,0.78,46.937
640,0.2,0.3,5,1.0,1.0,0.81,41.436
640,0.2,0.7,5,1.0,1.0,0.81,39.371
640,0.2,0.7,5,0.0,1.0,0.78,42.892
640,0.8,0.3,5,0.0,0.8500000000000001,0.78,47.131
640,0.2,0.7,5,0.0,1.0,0.78,42.348
640,0.8,0.3,5,1.0,0.8500000000000001,0.78,49.681
640,0.2,0.7,5,1.0,1.0,0.81,42.713
640,0.8,0.7,5,1.0,0.8500000000000001,0.78,49.075
640,0.2,0.7,5,1.0,1.0,0.81,41.98
640,0.8,0.7,5,0.0,0.8500000000000001,0.78,48.074
640,0.8,0.7,5,0.0,0.8500000000000001,0.78,46.867
640,0.2,0.7,5,1.0,1.0,0.81,41.352
640,0.2,0.7,5,1.0,1.0,0.81,42.031
640,0.2,0.7,5,1.0,1.0,0.81,41.0
640,0.2,0.7,5,0.0,1.0,0.78,42.019
640,0.2,0.3,5,1.0,1.0,0.81,41.215
640,0.2,0.7,5,0.0,1.0,0.78,41.582
640,0.2,0.7,5,1.0,1.0,0.81,39.799
640,0.2,0.7,5,1.0,1.0,0.81,42.467
320,0.8,0.3,5,1.0,0.8500000000000001,0.75,52.179
640,0.8,0.7,5,0.0,0.8500000000000001,0.78,48.297
640,0.8,0.7,5,0.0,0.8500000000000001,0.78,48.519
640,0.8,0.7,5,0.0,0.8500000000000001,0.78,51.202
640,0.8,0.3,5,1.0,0.8500000000000001,0.78,47.874
640,0.8,0.3,5,1.0,0.8500000000000001,0.78,51.077
640,0.2,0.7,5,0.0,1.0,0.78,42.108
320,0.8,0.3,5,1.0,0.8500000000000001,0.75,49.512
640,0.2,0.7,5,0.0,1.0,0.78,42.166
640,0.2,0.7,5,1.0,1.0,0.81,40.678
640,0.8,0.7,5,1.0,0.8500000000000001,0.78,47.946
640,0.2,0.3,5,1.0,1.0,0.81,40.883
640,0.2,0.7,5,1.0,1.0,0.81,40.628
640,0.2,0.7,5,1.0,1.0,0.81,41.915
640,0.2,0.7,5,0.0,1.0,0.78,40.403
640,0.2,0.7,5,1.0,1.0,0.81,41.076
640,0.2,0.7,5,1.0,1.0,0.81,41.104
640,0.8,0.3,5,1.0,0.8500000000000001,0.78,47.936
640,0.8,0.3,5,1.0,0.8500000000000001,0.78,48.686
640,0.2,0.7,5,1.0,1.0,0.81,42.469
320,0.8,0.3,5,1.0,0.8500000000000001,0.75,50.798
320,0.2,0.3,5,1.0,0.8,0.78,41.397
960,0.2,0.7,5,1.0,0.9,0.81,38.283
640,0.8,0.3,5,1.0,0.8500000000000001,0.78,48.302
320,0.8,0.3,5,1.0,0.8500000000000001,0.75,50.28
640,0.2,0.7,5,1.0,1.0,0.81,40.959
320,0.8,0.3,5,1.0,0.8500000000000001,0.75,46.785
640,0.2,0.7,5,0.0,1.0,0.78,41.659
640,0.2,0.7,5,1.0,1.0,0.81,39.982
640,0.2,0.7,5,1.0,1.0,0.81,41.579
320,0.8,0.3,5,0.0,0.8500000000000001,0.75,49.283
640,0.8,0.7,5,1.0,0.8500000000000001,0.78,46.796
640,0.2,0.7,5,0.0,1.0,0.78,41.924
320,0.8,0.3,5,1.0,0.8500000000000001,0.75,49.02
640,0.2,0.7,5,1.0,1.0,0.81,41.499
640,0.2,0.7,5,1.0,1.0,0.81,41.072
640,0.2,0.7,5,1.0,1.0,0.81,40.079
640,0.8,0.7,5,0.0,0.8500000000000001,0.78,46.632
640,0.8,0.7,5,0.0,0.8500000000000001,0.78,47.095
640,0.8,0.7,5,1.0,0.8500000000000001,0.78,48.17
320,0.2,0.7,5,0.0,0.9,0.81,43.069
640,0.2,0.7,5,1.0,1.0,0.81,40.727
320,0.8,0.3,5,1.0,0.8500000000000001,0.75,48.529
320,0.8,0.3,5,1.0,0.8500000000000001,0.75,49.301
640,0.2,0.7,5,1.0,1.0,0.81,41.177
320,0.8,0.3,5,1.0,0.8500000000000001,0.75,49.523
640,0.2,0.7,5,1.0,1.0,0.81,42.285
640,0.2,0.7,5,0.0,1.0,0.78,42.591
640,0.2,0.7,5,1.0,1.0,0.81,40.962
640,0.2,0.7,5,0.0,1.0,0.78,41.169
640,0.2,0.7,5,1.0,1.0,0.81,39.431
320,0.8,0.3,5,1.0,0.8500000000000001,0.75,49.494
640,0.2,0.7,5,0.0,1.0,0.78,40.264
640,0.2,0.7,5,0.0,1.0,0.78,39.261
640,0.2,0.7,5,1.0,1.0,0.81,41.101
640,0.8,0.7,5,0.0,0.8500000000000001,0.78,46.525
640,0.2,0.7,5,1.0,1.0,0.81,40.74
640,0.2,0.7,5,1.0,1.0,0.81,40.95
320,0.8,0.3,5,1.0,0.8500000000000001,0.75,48.483
640,0.8,0.7,5,1.0,0.8500000000000001,0.78,47.48
640,0.2,0.7,5,1.0,1.0,0.81,40.967
320,0.8,0.3,5,1.0,0.8500000000000001,0.75,50.474
640,0.8,0.7,5,0.0,0.8500000000000001,0.78,46.355
640,0.2,0.7,5,1.0,1.0,0.81,40.505
640,0.2,0.3,5,1.0,1.0,0.81,41.818
640,0.2,0.7,5,1.0,1.0,0.81,40.776
640,0.8,0.7,5,0.0,0.8500000000000001,0.78,47.472
640,0.8,0.3,5,1.0,0.8500000000000001,0.78,47.746
640,0.2,0.7,5,1.0,1.0,0.81,41.194
640,0.8,0.3,5,1.0,0.8500000000000001,0.78,47.907
640,0.2,0.7,5,1.0,1.0,0.81,40.475
640,0.2,0.7,5,1.0,1.0,0.81,41.588
640,0.2,0.7,5,0.0,1.0,0.78,40.592
640,0.2,0.7,5,1.0,1.0,0.81,40.042
320,0.8,0.3,5,1.0,0.8500000000000001,0.75,48.303
640,0.2,0.7,5,1.0,1.0,0.81,39.954
640,0.2,0.7,5,1.0,1.0,0.81,39.762
640,0.2,0.7,5,0.0,1.0,0.78,40.485
640,0.2,0.7,5,1.0,1.0,0.81,39.436
640,0.2,0.7,5,0.0,1.0,0.78,40.203
640,0.8,0.7,5,1.0,0.8500000000000001,0.78,46.749
640,0.2,0.7,5,1.0,1.0,0.81,40.951
320,0.8,0.3,5,1.0,0.8500000000000001,0.75,51.485
640,0.2,0.7,5,0.0,1.0,0.78,39.38
640,0.2,0.7,5,1.0,1.0,0.81,39.144
320,0.8,0.3,5,1.0,0.8500000000000001,0.75,48.518
640,0.8,0.7,5,0.0,0.8500000000000001,0.78,46.339
640,0.2,0.7,5,0.0,1.0,0.78,40.395
320,0.8,0.3,5,1.0,0.8500000000000001,0.75,48.087
320,0.8,0.3,5,1.0,0.8500000000000001,0.75,47.322
640,0.2,0.7,5,1.0,1.0,0.81,38.118
640,0.8,0.3,5,0.0,0.8500000000000001,0.78,46.057
640,0.8,0.7,5,0.0,0.8500000000000001,0.78,47.27
640,0.2,0.7,5,1.0,1.0,0.81,39.439
640,0.2,0.7,5,1.0,1.0,0.81,39.976
320,0.8,0.3,5,1.0,0.8500000000000001,0.75,47.107
640,0.2,0.7,5,1.0,1.0,0.81,41.078
640,0.8,0.7,5,1.0,0.8500000000000001,0.78,49.641
640,0.8,0.7,5,1.0,0.8500000000000001,0.78,48.189
640,0.8,0.7,5,1.0,0.8500000000000001,0.78,47.577
640,0.2,0.3,5,1.0,1.0,0.81,41.496
640,0.2,0.7,5,1.0,1.0,0.81,40.557
640,0.2,0.7,5,0.0,1.0,0.78,42.766
640,0.8,0.7,5,0.0,0.8500000000000001,0.78,47.381
640,0.2,0.7,5,1.0,1.0,0.81,41.782
640,0.8,0.7,5,1.0,0.8500000000000001,0.78,48.804
640,0.2,0.7,5,1.0,1.0,0.81,41.604
640,0.2,0.7,5,1.0,1.0,0.81,41.752
640,0.2,0.7,5,1.0,1.0,0.81,42.529
320,0.8,0.3,5,1.0,0.8500000000000001,0.75,50.597
640,0.2,0.7,5,1.0,1.0,0.81,41.472
320,0.8,0.3,5,1.0,0.8500000000000001,0.75,49.285
640,0.2,0.7,5,1.0,1.0,0.81,40.29
640,0.2,0.7,5,1.0,1.0,0.81,39.222
320,0.8,0.3,5,1.0,0.8500000000000001,0.75,49.16
320,0.8,0.3,5,1.0,0.8500000000000001,0.75,47.137
640,0.2,0.7,5,1.0,1.0,0.81,41.615
640,0.8,0.3,5,1.0,0.8500000000000001,0.78,48.237
640,0.2,0.7,5,0.0,1.0,0.78,41.243
640,0.8,0.3,5,0.0,0.8500000000000001,0.78,49.607
640,0.8,0.3,5,1.0,0.8500000000000001,0.78,46.799
640,0.8,0.7,5,0.0,0.8500000000000001,0.78,46.953
640,0.2,0.7,5,1.0,1.0,0.81,41.236
640,0.2,0.7,5,0.0,1.0,0.78,41.055
640,0.2,0.7,5,0.0,1.0,0.78,40.792
640,0.2,0.7,5,1.0,1.0,0.81,39.635
640,0.8,0.7,5,1.0,0.8500000000000001,0.78,48.192
640,0.2,0.7,5,1.0,1.0,0.81,40.401
640,0.2,0.7,5,1.0,1.0,0.81,42.213
640,0.2,0.7,5,1.0,1.0,0.81,41.349
640,0.2,0.7,5,1.0,1.0,0.81,40.611
640,0.2,0.7,5,1.0,1.0,0.81,42.391
640,0.2,0.3,5,1.0,1.0,0.81,41.124
640,0.8,0.7,5,0.0,0.8500000000000001,0.78,49.062
640,0.2,0.7,5,1.0,1.0,0.81,42.014
640,0.8,0.3,5,1.0,0.8500000000000001,0.78,47.799
640,0.2,0.7,5,1.0,1.0,0.81,42.825
640,0.2,0.7,5,1.0,1.0,0.81,40.544
640,0.8,0.3,5,1.0,0.8500000000000001,0.78,48.725
640,0.2,0.7,5,1.0,1.0,0.81,41.512
640,0.2,0.7,5,1.0,1.0,0.81,40.303
320,0.8,0.3,5,1.0,0.8500000000000001,0.75,49.001
320,0.8,0.3,5,1.0,0.8500000000000001,0.75,49.012
640,0.2,0.7,5,0.0,1.0,0.78,42.515
640,0.8,0.7,5,1.0,0.8500000000000001,0.78,47.703
640,0.2,0.7,5,0.0,1.0,0.78,43.55
320,0.8,0.3,5,1.0,0.8500000000000001,0.75,50.254
640,0.2,0.7,5,1.0,1.0,0.81,40.866
640,0.2,0.7,5,1.0,1.0,0.81,41.794
640,0.8,0.3,5,1.0,0.8500000000000001,0.78,47.12
640,0.2,0.3,5,0.0,1.0,0.78,41.837
640,0.8,0.7,5,0.0,0.8500000000000001,0.78,49.078
640,0.2,0.7,5,1.0,1.0,0.81,43.106
640,0.2,0.7,5,0.0,1.0,0.78,42.819
640,0.8,0.3,5,1.0,0.8500000000000001,0.78,49.887
640,0.8,0.3,5,1.0,0.8500000000000001,0.78,47.938
640,0.2,0.7,5,1.0,1.0,0.81,42.518
640,0.2,0.7,5,1.0,1.0,0.81,41.884
640,0.2,0.3,5,0.0,1.0,0.78,42.758
640,0.2,0.7,5,1.0,1.0,0.81,42.09
640,0.2,0.7,5,1.0,1.0,0.81,42.248
640,0.2,0.7,5,1.0,1.0,0.81,43.438
640,0.2,0.7,5,1.0,1.0,0.81,40.196
640,0.8,0.3,5,1.0,0.8500000000000001,0.78,48.683
320,0.8,0.3,5,1.0,0.8500000000000001,0.75,50.181
640,0.8,0.3,5,1.0,0.8500000000000001,0.78,49.7
320,0.8,0.3,5,1.0,0.8500000000000001,0.75,49.257
640,0.2,0.7,5,0.0,1.0,0.78,43.652
640,0.2,0.7,5,1.0,1.0,0.81,42.583
320,0.8,0.3,5,1.0,0.8500000000000001,0.75,48.111
640,0.2,0.7,5,1.0,1.0,0.81,42.648
320,0.8,0.3,5,1.0,0.8500000000000001,0.75,50.695
320,0.2,0.7,5,1.0,0.8,0.78,44.833
640,0.2,0.7,5,1.0,1.0,0.81,40.494
640,0.2,0.7,5,1.0,1.0,0.81,40.83
640,0.2,0.7,5,1.0,1.0,0.81,40.818
640,0.2,0.7,5,1.0,1.0,0.81,40.816
640,0.8,0.3,5,1.0,0.8500000000000001,0.78,45.906
640,0.2,0.7,5,0.0,1.0,0.78,42.039
640,0.2,0.7,5,1.0,1.0,0.81,40.607
640,0.2,0.7,5,1.0,1.0,0.81,40.577
320,0.8,0.3,5,1.0,0.8500000000000001,0.75,49.217
640,0.8,0.7,5,1.0,0.8500000000000001,0.78,48.327
640,0.8,0.7,5,1.0,0.8500000000000001,0.78,49.785
640,0.8,0.3,5,1.0,0.8500000000000001,0.78,45.568
640,0.2,0.7,5,1.0,1.0,0.81,42.872
640,0.2,0.7,5,1.0,1.0,0.81,42.243
320,0.2,0.7,5,1.0,0.8,0.78,43.948
640,0.2,0.7,5,0.0,1.0,0.78,42.696
640,0.2,0.7,5,1.0,1.0,0.81,41.874
640,0.8,0.3,5,1.0,0.8500000000000001,0.78,48.455
640,0.8,0.3,5,1.0,0.8500000000000001,0.78,46.995
640,0.2,0.7,5,1.0,1.0,0.81,41.432
640,0.2,0.7,5,1.0,1.0,0.81,41.315
640,0.8,0.3,5,1.0,0.8500000000000001,0.78,48.464
640,0.2,0.3,5,0.0,1.0,0.78,40.741
640,0.8,0.3,5,1.0,0.8500000000000001,0.78,46.553
640,0.2,0.7,5,1.0,1.0,0.81,41.154
640,0.2,0.7,5,1.0,1.0,0.81,40.74
640,0.2,0.7,5,1.0,1.0,0.81,41.047
320,0.8,0.7,5,1.0,0.8500000000000001,0.75,49.178
640,0.8,0.3,5,1.0,0.8500000000000001,0.78,47.497
320,0.8,0.3,5,1.0,0.8500000000000001,0.75,47.617
640,0.2,0.7,5,0.0,1.0,0.78,41.341
640,0.2,0.7,5,0.0,1.0,0.78,43.813
320,0.8,0.3,5,1.0,0.8500000000000001,0.75,49.937
640,0.2,0.7,5,1.0,1.0,0.81,42.149
640,0.2,0.7,5,1.0,1.0,0.81,42.549
640,0.2,0.7,5,1.0,1.0,0.81,41.585
640,0.2,0.7,5,1.0,1.0,0.81,40.559
640,0.8,0.3,5,1.0,0.8500000000000001,0.78,47.737
640,0.2,0.7,5,1.0,1.0,0.81,40.974
640,0.2,0.7,5,1.0,1.0,0.81,41.466
640,0.2,0.7,5,0.0,1.0,0.78,40.279
640,0.8,0.7,5,1.0,0.8500000000000001,0.78,48.358
640,0.2,0.7,5,1.0,1.0,0.81,40.79
640,0.8,0.3,5,1.0,0.8500000000000001,0.78,50.185
640,0.2,0.7,5,1.0,1.0,0.81,41.034
640,0.2,0.7,5,1.0,1.0,0.81,41.929
640,0.8,0.3,5,1.0,0.8500000000000001,0.78,47.341
640,0.2,0.7,5,0.0,1.0,0.78,41.831
640,0.2,0.7,5,1.0,1.0,0.81,41.785
640,0.2,0.7,5,1.0,1.0,0.81,39.745
320,0.8,0.3,5,1.0,0.8500000000000001,0.75,49.81
640,0.2,0.7,5,1.0,1.0,0.81,39.357
640,0.2,0.7,5,1.0,1.0,0.81,40.684
640,0.2,0.7,5,0.0,1.0,0.78,40.995
640,0.2,0.7,5,1.0,1.0,0.81,41.953
640,0.2,0.7,5,1.0,1.0,0.81,42.342
320,0.8,0.3,5,1.0,0.8500000000000001,0.75,47.837
640,0.8,0.3,5,1.0,0.8500000000000001,0.78,48.925
640,0.8,0.3,5,1.0,0.8500000000000001,0.78,49.157
640,0.2,0.7,5,0.0,1.0,0.78,41.664
640,0.2,0.7,5,1.0,1.0,0.81,42.225
640,0.2,0.7,5,1.0,1.0,0.81,41.316
640,0.8,0.3,5,1.0,0.8500000000000001,0.78,47.236
640,0.8,0.3,5,1.0,0.8500000000000001,0.78,48.444
640,0.2,0.7,5,1.0,1.0,0.81,41.663
640,0.2,0.7,5,0.0,1.0,0.78,41.62
640,0.2,0.7,5,0.0,1.0,0.78,41.343
640,0.8,0.3,5,1.0,0.8500000000000001,0.78,48.056
640,0.2,0.7,5,0.0,1.0,0.78,41.327
640,0.8,0.7,5,0.0,0.8500000000000001,0.78,49.727
640,0.2,0.7,5,0.0,1.0,0.78,42.661
640,0.8,0.3,5,1.0,0.8500000000000001,0.78,47.965
640,0.8,0.3,5,1.0,0.8500000000000001,0.78,50.481
640,0.2,0.7,5,0.0,1.0,0.78,42.28
640,0.2,0.3,5,0.0,1.0,0.78,42.584
640,0.2,0.7,5,1.0,1.0,0.81,42.607
640,0.2,0.7,5,1.0,1.0,0.81,41.796
640,0.8,0.3,5,1.0,0.8500000000000001,0.78,50.977
640,0.2,0.7,5,1.0,1.0,0.81,42.463
640,0.8,0.7,5,0.0,0.8500000000000001,0.78,51.501
640,0.2,0.7,5,1.0,1.0,0.81,42.821
640,0.2,0.7,5,0.0,1.0,0.78,43.129
320,0.8,0.7,5,1.0,0.8500000000000001,0.75,50.519
320,0.8,0.3,5,1.0,0.8500000000000001,0.75,49.087
640,0.2,0.7,5,1.0,1.0,0.81,41.102
640,0.2,0.3,5,0.0,1.0,0.78,42.201
640,0.2,0.7,5,0.0,1.0,0.78,40.868
640,0.2,0.7,5,1.0,1.0,0.81,43.555
640,0.2,0.7,5,1.0,1.0,0.81,41.325
640,0.2,0.7,5,0.0,1.0,0.78,42.224
640,0.2,0.7,5,1.0,1.0,0.81,41.245
320,0.8,0.3,5,1.0,0.8500000000000001,0.75,48.083
640,0.2,0.7,5,0.0,1.0,0.78,42.697
640,0.8,0.3,5,1.0,0.8500000000000001,0.78,47.237
320,0.8,0.3,5,1.0,0.8500000000000001,0.75,50.313
640,0.8,0.3,5,1.0,0.8500000000000001,0.78,48.69
320,0.8,0.3,5,1.0,0.8500000000000001,0.75,48.67
640,0.8,0.3,5,0.0,0.8500000000000001,0.78,49.854
640,0.2,0.7,5,1.0,1.0,0.81,41.033
320,0.8,0.3,5,1.0,0.8500000000000001,0.75,50.315
640,0.8,0.3,5,1.0,0.8500000000000001,0.78,49.461
640,0.8,0.3,5,1.0,0.8500000000000001,0.78,48.514
640,0.8,0.3,5,1.0,0.8500000000000001,0.78,50.259
640,0.8,0.3,5,1.0,0.8500000000000001,0.78,47.826
640,0.2,0.7,5,0.0,1.0,0.78,43.358
640,0.2,0.7,5,0.0,1.0,0.78,41.798
640,0.2,0.7,5,0.0,1.0,0.78,41.661
320,0.8,0.3,5,1.0,0.8500000000000001,0.75,48.943
320,0.8,0.3,5,1.0,0.8500000000000001,0.75,50.97
640,0.8,0.3,5,1.0,0.8500000000000001,0.78,49.866
640,0.8,0.3,5,1.0,0.8500000000000001,0.78,48.28
640,0.8,0.3,5,1.0,0.8500000000000001,0.78,46.895
640,0.8,0.3,5,1.0,0.8500000000000001,0.78,47.835
320,0.8,0.3,5,1.0,0.8500000000000001,0.75,50.657
640,0.2,0.7,5,1.0,1.0,0.81,40.962
640,0.8,0.3,5,1.0,0.8500000000000001,0.78,49.467
640,0.8,0.3,5,1.0,0.8500000000000001,0.78,47.224
320,0.8,0.3,5,1.0,0.8500000000000001,0.75,49.106
640,0.8,0.3,5,1.0,0.8500000000000001,0.78,46.85
320,0.8,0.3,5,1.0,0.8500000000000001,0.75,47.729
320,0.8,0.3,5,1.0,0.8500000000000001,0.75,52.552
640,0.8,0.3,5,1.0,0.8500000000000001,0.78,50.019
640,0.8,0.3,5,1.0,0.8500000000000001,0.78,48.227
640,0.2,0.7,5,0.0,1.0,0.78,41.415
640,0.2,0.3,5,1.0,1.0,0.81,41.039
640,0.8,0.3,5,1.0,0.8500000000000001,0.78,49.009
320,0.8,0.3,5,1.0,0.8500000000000001,0.75,48.238
640,0.8,0.3,5,1.0,0.8500000000000001,0.78,47.842
640,0.8,0.3,5,1.0,0.8500000000000001,0.78,48.37
320,0.8,0.3,5,1.0,0.8500000000000001,0.75,52.49
320,0.8,0.3,5,1.0,0.8500000000000001,0.75,49.845
320,0.8,0.3,5,1.0,0.8500000000000001,0.75,49.235
640,0.2,0.7,5,0.0,1.0,0.78,39.042
640,0.8,0.7,5,1.0,0.8500000000000001,0.78,46.085
640,0.8,0.3,5,1.0,0.8500000000000001,0.78,47.122
640,0.8,0.3,5,1.0,0.8500000000000001,0.78,47.266
640,0.8,0.3,5,1.0,0.8500000000000001,0.78,49.593
640,0.8,0.3,5,1.0,0.8500000000000001,0.78,49.915
320,0.8,0.3,5,1.0,0.8500000000000001,0.75,49.653
640,0.2,0.3,5,1.0,1.0,0.81,40.352
320,0.8,0.3,5,1.0,0.8500000000000001,0.75,48.391
320,0.8,0.3,5,1.0,0.8500000000000001,0.75,49.398
320,0.8,0.3,5,1.0,0.8500000000000001,0.75,51.5
320,0.8,0.3,5,1.0,0.8500000000000001,0.75,49.254
640,0.8,0.3,5,1.0,0.8500000000000001,0.78,46.038
320,0.8,0.3,5,1.0,0.8500000000000001,0.75,48.627
640,0.8,0.3,5,1.0,0.8500000000000001,0.78,48.216
640,0.8,0.3,5,1.0,0.8500000000000001,0.78,47.312
640,0.8,0.3,5,1.0,0.8500000000000001,0.78,47.051
320,0.8,0.3,5,1.0,0.8500000000000001,0.75,50.342
640,0.8,0.3,5,1.0,0.8500000000000001,0.78,47.29
960,0.8,0.3,5,1.0,0.8500000000000001,0.75,42.775
640,0.8,0.3,5,1.0,0.8500000000000001,0.78,48.257
640,0.8,0.3,5,1.0,0.8500000000000001,0.78,46.333
640,0.8,0.3,5,1.0,0.8500000000000001,0.78,49.387
640,0.8,0.3,5,1.0,0.8500000000000001,0.78,48.19
640,0.8,0.3,5,1.0,0.8500000000000001,0.78,47.096
320,0.8,0.3,5,1.0,0.8500000000000001,0.75,48.909
640,0.8,0.3,5,1.0,0.8500000000000001,0.78,48.463
320,0.8,0.3,5,1.0,0.8500000000000001,0.75,48.326
320,0.8,0.3,5,1.0,0.8500000000000001,0.75,49.848
640,0.2,0.3,5,1.0,1.0,0.81,40.986
320,0.8,0.3,5,1.0,0.8500000000000001,0.75,48.35
640,0.8,0.3,5,1.0,0.8500000000000001,0.78,46.995
320,0.8,0.3,5,1.0,0.8500000000000001,0.75,49.393
320,0.8,0.3,5,1.0,0.8500000000000001,0.75,50.722
640,0.8,0.3,5,1.0,0.8500000000000001,0.78,47.255
640,0.8,0.3,5,1.0,0.8500000000000001,0.78,47.322
320,0.8,0.3,5,1.0,0.8500000000000001,0.75,51.518
640,0.8,0.3,5,1.0,0.8500000000000001,0.78,47.06
320,0.8,0.3,5,1.0,0.8500000000000001,0.75,48.404
320,0.8,0.3,5,1.0,0.8500000000000001,0.75,49.707
320,0.8,0.3,5,1.0,0.8500000000000001,0.75,49.591
640,0.8,0.3,5,1.0,0.8500000000000001,0.78,49.363
640,0.2,0.7,5,1.0,1.0,0.81,40.015
320,0.8,0.3,5,1.0,0.8500000000000001,0.75,51.558
320,0.8,0.3,5,1.0,0.8500000000000001,0.75,48.643
640,0.8,0.3,5,1.0,0.8500000000000001,0.78,45.301
640,0.2,0.7,5,1.0,1.0,0.81,40.803
320,0.8,0.3,5,1.0,0.8500000000000001,0.75,46.527
640,0.8,0.3,5,1.0,0.8500000000000001,0.78,45.948
640,0.8,0.3,5,1.0,0.8500000000000001,0.78,46.626
640,0.2,0.3,5,1.0,1.0,0.81,38.955
320,0.8,0.3,5,1.0,0.8500000000000001,0.75,49.512
640,0.2,0.7,5,1.0,1.0,0.81,40.383
320,0.8,0.3,5,1.0,0.8500000000000001,0.75,49.26
320,0.8,0.3,5,1.0,0.8500000000000001,0.75,50.291
640,0.8,0.3,5,1.0,0.8500000000000001,0.78,44.81
320,0.8,0.3,5,1.0,0.8500000000000001,0.75,49.67
640,0.8,0.3,5,1.0,0.8500000000000001,0.78,46.489
640,0.2,0.3,5,1.0,1.0,0.81,39.367
640,0.8,0.3,5,1.0,0.8500000000000001,0.78,48.363
320,0.8,0.3,5,1.0,0.8500000000000001,0.75,48.712
640,0.2,0.7,5,1.0,1.0,0.81,40.148
320,0.8,0.3,5,1.0,0.8500000000000001,0.75,50.503
320,0.8,0.3,5,1.0,0.8500000000000001,0.75,49.367
640,0.2,0.7,5,1.0,1.0,0.81,40.954
640,0.2,0.3,5,1.0,1.0,0.81,41.388
640,0.8,0.3,5,1.0,0.8500000000000001,0.78,47.905
640,0.8,0.3,5,1.0,0.8500000000000001,0.78,49.933
640,0.8,0.3,5,1.0,0.8500000000000001,0.78,49.523
640,0.8,0.3,5,1.0,0.8500000000000001,0.78,50.991
640,0.2,0.7,5,1.0,1.0,0.81,43.456
640,0.8,0.3,5,1.0,0.8500000000000001,0.78,49.502
320,0.8,0.3,5,1.0,0.8500000000000001,0.75,51.108
640,0.8,0.3,5,1.0,0.8500000000000001,0.78,48.487
640,0.2,0.3,5,1.0,1.0,0.81,42.219
640,0.8,0.3,5,1.0,0.8500000000000001,0.78,49.197
640,0.8,0.7,5,1.0,0.8500000000000001,0.78,48.471
320,0.8,0.3,5,1.0,0.8500000000000001,0.75,51.393
640,0.8,0.3,5,1.0,0.8500000000000001,0.78,48.459
640,0.8,0.7,5,1.0,0.8500000000000001,0.78,48.694
640,0.8,0.3,5,1.0,0.8500000000000001,0.78,49.759
640,0.8,0.3,5,1.0,0.8500000000000001,0.78,49.599
640,0.8,0.3,5,1.0,0.8500000000000001,0.78,50.325
640,0.2,0.7,5,1.0,1.0,0.81,43.25
640,0.8,0.3,5,1.0,0.8500000000000001,0.78,49.656
640,0.8,0.3,5,1.0,0.8500000000000001,0.78,49.821
640,0.8,0.3,5,1.0,0.8500000000000001,0.78,50.746
640,0.2,0.7,5,1.0,1.0,0.81,42.648
640,0.2,0.7,5,1.0,1.0,0.81,43.614
320,0.8,0.3,5,1.0,0.8500000000000001,0.75,51.266
640,0.8,0.3,5,1.0,0.8500000000000001,0.78,49.914
320,0.8,0.3,5,1.0,0.8500000000000001,0.75,48.811
320,0.8,0.3,5,1.0,0.8500000000000001,0.75,51.232
320,0.8,0.3,5,1.0,0.8500000000000001,0.75,47.749
640,0.8,0.3,5,1.0,0.8500000000000001,0.78,48.35
640,0.2,0.7,5,1.0,1.0,0.81,40.919
640,0.8,0.3,5,1.0,0.8500000000000001,0.78,48.17
640,0.2,0.7,5,1.0,1.0,0.81,40.84
640,0.8,0.3,5,1.0,0.8500000000000001,0.78,48.448
640,0.2,0.3,5,1.0,1.0,0.81,41.227
320,0.8,0.3,5,1.0,0.8500000000000001,0.75,50.622
640,0.8,0.3,5,1.0,0.8500000000000001,0.78,47.27
320,0.8,0.3,5,1.0,0.8500000000000001,0.75,50.641
640,0.2,0.7,5,1.0,1.0,0.81,42.127
640,0.2,0.7,5,1.0,1.0,0.81,41.384
640,0.2,0.7,5,1.0,1.0,0.81,43.297
640,0.2,0.7,5,1.0,1.0,0.81,40.974
320,0.8,0.3,5,1.0,0.8500000000000001,0.75,50.664
640,0.8,0.3,5,1.0,0.8500000000000001,0.78,49.82
320,0.8,0.3,5,1.0,0.8500000000000001,0.75,50.061
640,0.8,0.3,5,1.0,0.8500000000000001,0.78,49.98
640,0.8,0.3,5,1.0,0.8500000000000001,0.78,48.196
320,0.8,0.3,5,1.0,0.8500000000000001,0.75,48.561
640,0.2,0.7,5,1.0,1.0,0.81,41.849
640,0.8,0.3,5,1.0,0.8500000000000001,0.78,49.136
640,0.2,0.3,5,1.0,1.0,0.81,40.446
640,0.2,0.7,5,1.0,1.0,0.81,42.177
320,0.8,0.3,5,1.0,0.8500000000000001,0.75,48.649
640,0.8,0.3,5,1.0,0.8500000000000001,0.78,48.374
640,0.2,0.3,5,1.0,1.0,0.81,40.831
640,0.8,0.3,5,1.0,0.8500000000000001,0.78,48.835
320,0.8,0.3,5,1.0,0.8500000000000001,0.75,48.355
320,0.8,0.3,5,1.0,0.8500000000000001,0.75,49.119
640,0.8,0.3,5,1.0,0.8500000000000001,0.78,48.324
640,0.2,0.7,5,1.0,1.0,0.81,40.919
640,0.8,0.3,5,1.0,0.8500000000000001,0.78,48.453
640,0.2,0.7,5,1.0,1.0,0.81,41.324
640,0.8,0.3,5,1.0,0.8500000000000001,0.78,46.73
640,0.2,0.7,5,1.0,1.0,0.81,42.609
640,0.2,0.7,5,1.0,1.0,0.81,40.346
640,0.8,0.3,5,1.0,0.8500000000000001,0.78,49.362
640,0.2,0.7,5,1.0,1.0,0.81,40.894
640,0.8,0.3,5,1.0,0.8500000000000001,0.78,48.3
320,0.8,0.7,5,1.0,0.8500000000000001,0.75,51.191
320,0.8,0.3,5,1.0,0.8500000000000001,0.75,49.681
320,0.8,0.3,5,1.0,0.8500000000000001,0.75,49.959
640,0.2,0.7,5,0.0,1.0,0.78,40.963
320,0.2,0.7,5,1.0,0.8,0.78,41.02
640,0.2,0.7,5,1.0,1.0,0.81,41.082
640,0.8,0.3,5,1.0,0.8500000000000001,0.78,46.88
640,0.2,0.7,5,1.0,1.0,0.81,39.448
640,0.8,0.3,5,1.0,0.8500000000000001,0.78,46.052
320,0.8,0.3,5,1.0,0.8500000000000001,0.75,46.794
640,0.8,0.3,5,1.0,0.8500000000000001,0.78,47.541
640,0.2,0.7,5,1.0,1.0,0.81,39.473
640,0.2,0.7,5,1.0,1.0,0.81,41.601
640,0.2,0.7,5,1.0,1.0,0.81,40.742
640,0.8,0.7,5,1.0,0.8500000000000001,0.78,47.238
640,0.8,0.7,5,1.0,0.8500000000000001,0.78,48.841
640,0.8,0.3,5,1.0,0.8500000000000001,0.78,47.778
640,0.8,0.3,5,1.0,0.8500000000000001,0.78,46.974
320,0.8,0.3,5,1.0,0.8500000000000001,0.75,49.771
640,0.2,0.7,5,1.0,1.0,0.81,40.68
640,0.8,0.7,5,1.0,0.8500000000000001,0.78,47.136
320,0.8,0.3,5,1.0,0.8500000000000001,0.75,48.626
640,0.2,0.7,5,1.0,1.0,0.81,41.106
640,0.2,0.7,5,1.0,1.0,0.81,39.124
640,0.2,0.3,5,1.0,1.0,0.81,42.54
640,0.8,0.3,5,1.0,0.8500000000000001,0.78,49.472
320,0.8,0.3,5,1.0,0.8500000000000001,0.75,48.78
640,0.2,0.7,5,1.0,1.0,0.81,41.283
640,0.8,0.3,5,1.0,0.8500000000000001,0.78,48.755
640,0.2,0.7,5,1.0,1.0,0.81,41.771
640,0.2,0.7,5,1.0,1.0,0.81,40.245
640,0.2,0.7,5,1.0,1.0,0.81,40.982
640,0.8,0.3,5,1.0,0.8500000000000001,0.78,47.981
640,0.2,0.7,5,1.0,1.0,0.81,39.799
640,0.2,0.7,5,1.0,1.0,0.81,40.077
640,0.8,0.3,5,1.0,0.8500000000000001,0.78,47.477
640,0.2,0.7,5,1.0,1.0,0.81,40.827
640,0.2,0.7,5,1.0,1.0,0.81,40.925
320,0.8,0.7,5,1.0,0.8500000000000001,0.75,47.99
640,0.2,0.3,5,1.0,1.0,0.81,42.173
640,0.8,0.3,5,1.0,0.8500000000000001,0.78,46.639
640,0.2,0.3,5,1.0,1.0,0.81,40.42
640,0.8,0.3,5,1.0,0.8500000000000001,0.78,46.924
320,0.8,0.3,5,1.0,0.8500000000000001,0.75,51.202
640,0.2,0.7,5,1.0,1.0,0.81,41.408
640,0.2,0.7,5,1.0,1.0,0.81,40.123
640,0.2,0.7,5,1.0,1.0,0.81,40.301
640,0.8,0.3,5,1.0,0.8500000000000001,0.78,47.368
640,0.2,0.7,5,1.0,1.0,0.81,40.561
640,0.2,0.7,5,1.0,1.0,0.81,40.165
320,0.8,0.3,5,1.0,0.8500000000000001,0.75,49.78
640,0.2,0.7,5,1.0,1.0,0.81,40.353
320,0.2,0.7,5,1.0,0.8,0.78,41.477
640,0.2,0.7,5,1.0,1.0,0.81,40.772
640,0.2,0.3,5,1.0,1.0,0.81,40.946
640,0.2,0.7,5,1.0,1.0,0.81,42.113
640,0.8,0.7,5,1.0,0.8500000000000001,0.78,49.143
640,0.2,0.7,5,1.0,1.0,0.81,42.114
640,0.8,0.3,5,1.0,0.8500000000000001,0.78,48.838
320,0.2,0.7,5,1.0,0.8,0.78,42.533
640,0.8,0.3,5,1.0,0.8500000000000001,0.78,48.412
640,0.2,0.7,5,1.0,1.0,0.81,43.301
320,0.8,0.3,5,1.0,0.8500000000000001,0.75,48.795
640,0.2,0.7,5,0.0,1.0,0.78,44.444
640,0.2,0.7,5,1.0,1.0,0.81,41.382
640,0.8,0.3,5,1.0,0.8500000000000001,0.78,48.228
640,0.2,0.7,5,1.0,1.0,0.81,41.687
640,0.2,0.7,5,1.0,1.0,0.81,39.861
640,0.8,0.7,5,1.0,0.8500000000000001,0.78,47.873
640,0.8,0.7,5,1.0,0.8500000000000001,0.78,48.256
640,0.2,0.7,5,1.0,1.0,0.81,40.644
320,0.2,0.7,5,1.0,0.8,0.78,42.903
640,0.2,0.7,5,1.0,1.0,0.81,40.645
640,0.8,0.3,5,1.0,0.8500000000000001,0.78,48.876
640,0.8,0.3,5,1.0,0.8500000000000001,0.78,46.957
640,0.8,0.3,5,1.0,0.8500000000000001,0.78,47.942
320,0.8,0.3,5,1.0,0.8500000000000001,0.75,50.692
640,0.2,0.7,5,1.0,1.0,0.81,41.257
640,0.2,0.7,5,1.0,1.0,0.81,42.346
320,0.8,0.3,5,1.0,0.8500000000000001,0.75,49.467
640,0.2,0.7,5,1.0,1.0,0.81,41.75
320,0.8,0.3,5,1.0,0.8500000000000001,0.75,48.44
640,0.8,0.3,5,1.0,0.8500000000000001,0.78,47.441
640,0.8,0.3,5,1.0,0.8500000000000001,0.78,49.212
640,0.2,0.7,5,1.0,1.0,0.81,43.55
640,0.2,0.7,5,1.0,1.0,0.81,40.764
320,0.8,0.3,5,1.0,0.8500000000000001,0.75,50.836
320,0.8,0.3,5,1.0,0.8500000000000001,0.75,49.284
640,0.2,0.7,5,1.0,1.0,0.81,41.526
640,0.2,0.7,5,1.0,1.0,0.81,41.344
640,0.8,0.7,5,1.0,0.8500000000000001,0.78,48.951
320,0.8,0.3,5,1.0,0.8500000000000001,0.75,53.389
640,0.2,0.7,5,1.0,1.0,0.81,41.0
640,0.2,0.7,5,1.0,1.0,0.81,41.517
640,0.8,0.3,5,1.0,0.8500000000000001,0.78,47.291
640,0.2,0.7,5,1.0,1.0,0.81,42.563
320,0.2,0.7,5,1.0,0.8,0.78,41.413
640,0.8,0.3,5,1.0,0.8500000000000001,0.78,47.069
640,0.2,0.7,5,1.0,1.0,0.81,41.705
320,0.8,0.3,5,1.0,0.8500000000000001,0.75,49.863
640,0.2,0.7,5,1.0,1.0,0.81,41.647
320,0.8,0.3,5,1.0,0.8500000000000001,0.75,49.175
640,0.2,0.7,5,1.0,1.0,0.81,40.9
640,0.2,0.7,5,1.0,1.0,0.81,43.044
320,0.8,0.3,5,1.0,0.8500000000000001,0.75,50.212
640,0.2,0.7,5,1.0,1.0,0.81,41.664
640,0.2,0.7,5,1.0,1.0,0.81,42.551
640,0.2,0.7,5,1.0,1.0,0.81,40.844
640,0.2,0.7,5,0.0,1.0,0.78,41.328
640,0.8,0.3,5,1.0,0.8500000000000001,0.78,46.699
640,0.8,0.3,5,1.0,0.8500000000000001,0.78,48.783
320,0.8,0.3,5,1.0,0.8500000000000001,0.75,50.474
640,0.2,0.7,5,1.0,1.0,0.81,39.61
640,0.8,0.3,5,1.0,0.8500000000000001,0.78,48.601
320,0.8,0.3,5,1.0,0.8500000000000001,0.75,49.076
640,0.2,0.7,5,1.0,1.0,0.81,40.581
640,0.8,0.3,5,1.0,0.8500000000000001,0.78,47.122
320,0.2,0.7,5,1.0,0.8,0.78,42.417
640,0.2,0.7,5,1.0,1.0,0.81,42.736
640,0.8,0.3,5,1.0,0.8500000000000001,0.78,46.872
640,0.2,0.7,5,1.0,1.0,0.81,43.132
640,0.2,0.7,5,1.0,1.0,0.81,40.378
320,0.8,0.3,5,1.0,0.8500000000000001,0.75,49.602
640,0.2,0.7,5,1.0,1.0,0.81,41.063
640,0.2,0.7,5,1.0,1.0,0.81,41.913
640,0.2,0.7,5,1.0,1.0,0.81,41.852
320,0.8,0.3,5,1.0,0.8500000000000001,0.75,47.637
320,0.8,0.3,5,1.0,0.8500000000000001,0.75,48.789
640,0.2,0.7,5,1.0,1.0,0.81,40.489
640,0.2,0.7,5,1.0,1.0,0.81,40.174
640,0.8,0.3,5,1.0,0.8500000000000001,0.78,44.834
640,0.2,0.7,5,1.0,1.0,0.81,39.416
640,0.8,0.7,5,1.0,0.8500000000000001,0.78,48.163
640,0.8,0.7,5,1.0,0.8500000000000001,0.78,47.975
320,0.8,0.3,5,1.0,0.8500000000000001,0.75,49.628
640,0.2,0.7,5,1.0,1.0,0.81,41.946
320,0.2,0.3,5,1.0,0.8,0.78,42.832
320,0.8,0.3,5,1.0,0.8500000000000001,0.75,51.274
640,0.2,0.7,5,1.0,1.0,0.81,40.752
640,0.2,0.7,5,1.0,1.0,0.81,40.895
640,0.2,0.7,5,1.0,1.0,0.81,40.106
640,0.2,0.7,5,1.0,1.0,0.81,39.794
320,0.8,0.3,5,1.0,0.8500000000000001,0.75,48.514
640,0.2,0.7,5,1.0,1.0,0.81,41.833
640,0.2,0.7,5,0.0,1.0,0.78,41.888
640,0.2,0.7,5,1.0,1.0,0.81,41.467
640,0.2,0.7,5,1.0,1.0,0.81,41.953
640,0.2,0.7,5,1.0,1.0,0.81,42.197
320,0.8,0.7,5,1.0,0.8500000000000001,0.75,49.148
640,0.2,0.7,5,1.0,1.0,0.81,42.14
640,0.2,0.7,5,1.0,1.0,0.81,39.559
320,0.8,0.3,5,1.0,0.8500000000000001,0.75,50.823
640,0.2,0.7,5,1.0,1.0,0.81,40.965
640,0.2,0.7,5,1.0,1.0,0.81,39.986
640,0.2,0.7,5,1.0,1.0,0.81,40.174
640,0.2,0.7,5,1.0,1.0,0.81,39.401
640,0.2,0.7,5,1.0,1.0,0.81,41.445
640,0.2,0.7,5,1.0,1.0,0.81,40.799
640,0.2,0.7,5,1.0,1.0,0.81,40.033
640,0.2,0.7,5,1.0,1.0,0.81,40.279
640,0.2,0.7,5,1.0,1.0,0.81,39.568
640,0.2,0.7,5,1.0,1.0,0.81,40.757
640,0.2,0.7,5,1.0,1.0,0.81,41.672
640,0.2,0.7,5,1.0,1.0,0.81,40.935
640,0.2,0.7,5,1.0,1.0,0.81,40.999
640,0.2,0.7,5,1.0,1.0,0.81,41.679
640,0.2,0.7,5,1.0,1.0,0.81,40.651
640,0.2,0.7,5,1.0,1.0,0.81,42.728
640,0.2,0.7,5,1.0,1.0,0.81,42.845
640,0.2,0.7,5,1.0,1.0,0.81,41.727
640,0.2,0.7,5,1.0,1.0,0.81,40.867
640,0.2,0.7,5,1.0,1.0,0.81,40.772
640,0.2,0.7,5,1.0,1.0,0.81,41.033
640,0.2,0.7,5,1.0,1.0,0.81,40.958
640,0.2,0.7,5,1.0,1.0,0.81,41.106
320,0.8,0.3,5,1.0,0.8500000000000001,0.75,47.877
640,0.2,0.7,5,1.0,1.0,0.81,41.142
640,0.2,0.7,5,0.0,1.0,0.78,43.043
640,0.2,0.7,5,1.0,1.0,0.81,41.396
640,0.8,0.3,5,1.0,0.8500000000000001,0.78,50.343
640,0.2,0.7,5,1.0,1.0,0.81,40.733
640,0.2,0.7,5,1.0,1.0,0.81,42.571
640,0.2,0.7,5,1.0,1.0,0.81,41.49
640,0.2,0.7,5,1.0,1.0,0.81,41.965
640,0.2,0.7,5,1.0,1.0,0.81,42.654
640,0.2,0.7,5,1.0,1.0,0.81,40.442
640,0.2,0.7,5,1.0,1.0,0.81,40.871
640,0.2,0.7,5,1.0,1.0,0.81,38.812
640,0.2,0.7,5,1.0,1.0,0.81,41.975
640,0.2,0.7,5,1.0,1.0,0.81,40.961
640,0.2,0.7,5,1.0,1.0,0.81,42.74
640,0.2,0.7,5,1.0,1.0,0.81,42.474
640,0.2,0.7,5,1.0,1.0,0.81,41.689
640,0.2,0.7,5,1.0,1.0,0.81,41.926
640,0.2,0.7,5,1.0,1.0,0.81,41.303
640,0.2,0.7,5,1.0,1.0,0.81,42.452
640,0.2,0.7,5,1.0,1.0,0.81,41.668
640,0.2,0.7,5,1.0,1.0,0.81,41.67
960,0.2,0.7,5,1.0,0.9,0.81,39.082
640,0.2,0.7,5,1.0,1.0,0.81,42.605
640,0.2,0.7,5,0.0,1.0,0.78,43.665
640,0.2,0.7,5,1.0,1.0,0.81,41.062
640,0.2,0.7,5,1.0,1.0,0.81,42.197
640,0.2,0.7,5,1.0,1.0,0.81,41.286
640,0.2,0.7,5,1.0,1.0,0.81,41.782
640,0.2,0.7,5,1.0,1.0,0.81,43.261
640,0.2,0.7,5,1.0,1.0,0.81,40.945
640,0.2,0.7,5,1.0,1.0,0.81,43.801
640,0.2,0.7,5,1.0,1.0,0.81,40.143
640,0.2,0.7,5,1.0,1.0,0.81,41.562
640,0.2,0.7,5,1.0,1.0,0.81,40.441
640,0.2,0.7,5,1.0,1.0,0.81,42.569
640,0.2,0.7,5,1.0,1.0,0.81,41.402
640,0.2,0.7,5,1.0,1.0,0.81,43.457
640,0.2,0.7,5,1.0,1.0,0.81,41.892
640,0.2,0.7,5,1.0,1.0,0.81,41.686
640,0.2,0.7,5,1.0,1.0,0.81,42.614
640,0.2,0.7,5,1.0,1.0,0.81,40.744
640,0.2,0.7,5,1.0,1.0,0.81,42.611
640,0.2,0.7,5,1.0,1.0,0.81,41.803
640,0.2,0.7,5,1.0,1.0,0.81,42.105
640,0.2,0.7,5,1.0,1.0,0.81,40.785
640,0.2,0.7,5,1.0,1.0,0.81,41.199
640,0.2,0.7,5,1.0,1.0,0.81,41.444
640,0.2,0.7,5,1.0,1.0,0.81,41.787
640,0.2,0.7,5,1.0,1.0,0.81,42.061
640,0.2,0.7,5,1.0,1.0,0.81,41.487
640,0.2,0.7,5,1.0,1.0,0.81,41.85
640,0.2,0.7,5,1.0,1.0,0.81,42.424
640,0.2,0.7,5,1.0,1.0,0.81,41.986
640,0.2,0.7,5,1.0,1.0,0.81,42.309
640,0.2,0.7,5,1.0,1.0,0.81,40.669
640,0.2,0.7,5,1.0,1.0,0.81,42.139
640,0.2,0.7,5,1.0,1.0,0.81,40.822
640,0.2,0.7,5,1.0,1.0,0.81,42.961
640,0.2,0.7,5,1.0,1.0,0.81,42.679
640,0.2,0.7,5,1.0,1.0,0.81,42.385
640,0.2,0.7,5,1.0,1.0,0.81,43.407
640,0.2,0.7,5,1.0,1.0,0.81,40.737
640,0.2,0.7,5,1.0,1.0,0.81,43.013
640,0.2,0.7,5,1.0,1.0,0.81,41.637
640,0.2,0.7,5,1.0,1.0,0.81,42.622
640,0.2,0.7,5,1.0,1.0,0.81,40.104
640,0.2,0.7,5,1.0,1.0,0.81,42.392
640,0.2,0.7,5,1.0,1.0,0.81,40.971
640,0.2,0.7,5,1.0,1.0,0.81,40.256
640,0.2,0.7,5,1.0,1.0,0.81,40.819
640,0.2,0.7,5,1.0,1.0,0.81,39.411
640,0.2,0.7,5,1.0,1.0,0.81,41.68
640,0.2,0.7,5,1.0,1.0,0.81,39.621
640,0.2,0.7,5,1.0,1.0,0.81,41.368
640,0.2,0.7,5,1.0,1.0,0.81,41.563
640,0.2,0.7,5,1.0,1.0,0.81,41.515
640,0.2,0.7,5,0.0,1.0,0.78,42.285
640,0.2,0.7,5,1.0,1.0,0.81,40.931
640,0.2,0.7,5,1.0,1.0,0.81,41.347
640,0.2,0.7,5,1.0,1.0,0.81,42.153
640,0.2,0.7,5,1.0,1.0,0.81,42.209
640,0.2,0.7,5,1.0,1.0,0.81,40.773
640,0.2,0.7,5,1.0,1.0,0.81,41.643
640,0.2,0.7,5,1.0,1.0,0.81,41.352
640,0.2,0.7,5,1.0,1.0,0.81,42.378
640,0.2,0.7,5,1.0,1.0,0.81,41.587
640,0.2,0.7,5,1.0,1.0,0.81,42.106
640,0.2,0.7,5,1.0,1.0,0.81,41.39
640,0.2,0.7,5,1.0,1.0,0.81,40.895
640,0.2,0.7,5,1.0,1.0,0.81,41.639
640,0.2,0.7,5,1.0,1.0,0.81,41.568
640,0.2,0.7,5,1.0,1.0,0.81,41.972
640,0.2,0.7,5,1.0,1.0,0.81,41.616
640,0.2,0.7,5,1.0,1.0,0.81,41.627
640,0.2,0.7,5,1.0,1.0,0.81,41.142
640,0.8,0.7,5,1.0,0.8500000000000001,0.78,45.868
640,0.2,0.7,5,1.0,1.0,0.81,40.246
640,0.2,0.7,5,1.0,1.0,0.81,42.392
640,0.8,0.7,5,1.0,0.8500000000000001,0.78,49.887
640,0.2,0.7,5,1.0,1.0,0.81,41.792
640,0.2,0.7,5,1.0,1.0,0.81,40.906
640,0.2,0.7,5,1.0,1.0,0.81,41.506
640,0.2,0.7,5,1.0,1.0,0.81,40.198
640,0.2,0.7,5,1.0,1.0,0.81,42.356
640,0.2,0.7,5,1.0,1.0,0.81,42.928
640,0.2,0.7,5,1.0,1.0,0.81,42.039
640,0.2,0.7,5,1.0,1.0,0.81,40.271
640,0.2,0.7,5,1.0,1.0,0.81,40.979
640,0.2,0.7,5,1.0,1.0,0.81,43.293
640,0.2,0.7,5,1.0,1.0,0.81,42.187
640,0.2,0.7,5,1.0,1.0,0.81,41.154
640,0.2,0.7,5,1.0,1.0,0.81,40.542
640,0.2,0.7,5,1.0,1.0,0.81,41.607
640,0.2,0.7,5,1.0,1.0,0.81,41.107
640,0.2,0.7,5,1.0,1.0,0.81,41.767
640,0.2,0.7,5,1.0,1.0,0.81,39.975
640,0.2,0.7,5,1.0,1.0,0.81,41.066
640,0.2,0.7,5,1.0,1.0,0.81,41.573
640,0.2,0.7,5,1.0,1.0,0.81,41.42
640,0.2,0.7,5,1.0,1.0,0.81,42.501
640,0.2,0.7,5,1.0,1.0,0.81,41.404
640,0.2,0.7,5,1.0,1.0,0.81,40.322
640,0.2,0.7,5,1.0,1.0,0.81,42.452
640,0.2,0.7,5,1.0,1.0,0.81,41.306
640,0.2,0.7,5,1.0,1.0,0.81,43.427
640,0.2,0.7,5,1.0,1.0,0.81,43.208
640,0.2,0.7,5,1.0,1.0,0.81,43.742
640,0.2,0.7,5,1.0,1.0,0.81,42.708
640,0.2,0.7,5,1.0,1.0,0.81,41.929
640,0.2,0.7,5,1.0,1.0,0.81,42.643
640,0.2,0.7,5,1.0,1.0,0.81,40.916
640,0.2,0.7,5,1.0,1.0,0.81,43.663
640,0.2,0.7,5,1.0,1.0,0.81,43.098
640,0.2,0.7,5,1.0,1.0,0.81,41.984
640,0.2,0.7,5,1.0,1.0,0.81,42.129
640,0.2,0.7,5,1.0,1.0,0.81,42.376
640,0.2,0.7,5,1.0,1.0,0.81,41.011
640,0.2,0.7,5,1.0,1.0,0.81,40.227
640,0.2,0.7,5,1.0,1.0,0.81,39.89
640,0.2,0.7,5,1.0,1.0,0.81,41.193
640,0.2,0.7,5,1.0,1.0,0.81,41.999
640,0.2,0.7,5,1.0,1.0,0.81,40.121
640,0.2,0.7,5,1.0,1.0,0.81,41.665
640,0.2,0.7,5,1.0,1.0,0.81,40.698
640,0.2,0.7,5,1.0,1.0,0.81,40.581
640,0.2,0.7,5,1.0,1.0,0.81,41.749
640,0.2,0.7,5,1.0,1.0,0.81,41.097
640,0.2,0.7,5,1.0,1.0,0.81,42.162
640,0.2,0.7,5,1.0,1.0,0.81,42.121
640,0.2,0.7,5,1.0,1.0,0.81,41.858
640,0.2,0.7,5,1.0,1.0,0.81,41.51
640,0.2,0.7,5,1.0,1.0,0.81,41.364
640,0.2,0.7,5,1.0,1.0,0.81,42.08
640,0.2,0.7,5,1.0,1.0,0.81,41.923
640,0.2,0.7,5,1.0,1.0,0.81,41.977
640,0.2,0.7,5,1.0,1.0,0.81,40.489
640,0.2,0.7,5,1.0,1.0,0.81,41.371
640,0.2,0.7,5,1.0,1.0,0.81,41.902
640,0.2,0.7,5,1.0,1.0,0.81,41.884
640,0.2,0.7,5,1.0,1.0,0.81,42.32
640,0.2,0.7,5,1.0,1.0,0.81,41.315
640,0.2,0.7,5,1.0,1.0,0.81,41.868
640,0.2,0.7,5,1.0,1.0,0.81,40.99
640,0.2,0.7,5,1.0,1.0,0.81,42.739
640,0.2,0.7,5,1.0,1.0,0.81,40.725
640,0.2,0.7,5,1.0,1.0,0.81,40.985
640,0.2,0.7,5,1.0,1.0,0.81,41.919
640,0.2,0.7,5,1.0,1.0,0.81,40.904
640,0.2,0.7,5,1.0,1.0,0.81,41.474
640,0.2,0.7,5,1.0,1.0,0.81,41.177
640,0.2,0.7,5,1.0,1.0,0.81,41.011
640,0.2,0.7,5,1.0,1.0,0.81,43.839
640,0.2,0.7,5,1.0,1.0,0.81,42.037
640,0.2,0.7,5,1.0,1.0,0.81,43.099
640,0.2,0.7,5,1.0,1.0,0.81,42.592
640,0.2,0.7,5,1.0,1.0,0.81,41.709
640,0.2,0.7,5,1.0,1.0,0.81,40.66
640,0.2,0.7,5,1.0,1.0,0.81,42.698
640,0.2,0.7,5,1.0,1.0,0.81,41.082
640,0.8,0.7,5,1.0,0.8500000000000001,0.78,46.347
640,0.2,0.7,5,1.0,1.0,0.81,42.383
640,0.2,0.7,5,1.0,1.0,0.81,41.55
640,0.2,0.7,5,1.0,1.0,0.81,41.688
640,0.2,0.7,5,1.0,1.0,0.81,41.557
640,0.2,0.7,5,1.0,1.0,0.81,41.692
640,0.2,0.7,5,1.0,1.0,0.81,40.335
640,0.2,0.7,5,1.0,1.0,0.81,42.363
640,0.2,0.7,5,1.0,1.0,0.81,41.316
640,0.2,0.7,5,1.0,1.0,0.81,41.088
640,0.2,0.7,5,1.0,1.0,0.81,42.1
640,0.2,0.7,5,1.0,1.0,0.81,40.256
640,0.2,0.7,5,1.0,1.0,0.81,41.018
640,0.2,0.7,5,1.0,1.0,0.81,37.669
640,0.2,0.7,5,1.0,1.0,0.81,36.528
640,0.2,0.7,5,1.0,1.0,0.81,38.051
640,0.2,0.7,5,1.0,1.0,0.81,39.73
640,0.2,0.7,5,1.0,1.0,0.81,40.673
640,0.2,0.7,5,1.0,1.0,0.81,40.321
640,0.2,0.7,5,1.0,1.0,0.81,41.366
640,0.2,0.7,5,1.0,1.0,0.81,40.405
640,0.2,0.7,5,1.0,1.0,0.81,41.622
640,0.2,0.7,5,1.0,1.0,0.81,40.856
640,0.2,0.7,5,1.0,1.0,0.81,42.197
640,0.2,0.7,5,1.0,1.0,0.81,40.125
640,0.2,0.7,5,1.0,1.0,0.81,43.246
640,0.2,0.7,5,1.0,1.0,0.81,40.103
640,0.2,0.7,5,1.0,1.0,0.81,41.63
640,0.2,0.7,5,1.0,1.0,0.81,41.065
640,0.2,0.7,5,1.0,1.0,0.81,41.137
640,0.2,0.7,5,1.0,1.0,0.81,41.633
640,0.2,0.7,5,1.0,1.0,0.81,39.625
640,0.2,0.7,5,1.0,1.0,0.81,41.626
640,0.2,0.7,5,1.0,1.0,0.81,41.409
640,0.2,0.7,5,1.0,1.0,0.81,41.22
640,0.2,0.7,5,1.0,1.0,0.81,39.522
640,0.2,0.7,5,1.0,1.0,0.81,40.881
640,0.2,0.7,5,1.0,1.0,0.81,41.001
640,0.2,0.7,5,1.0,1.0,0.81,40.631
640,0.2,0.7,5,1.0,1.0,0.81,42.154
640,0.2,0.7,5,1.0,1.0,0.81,40.504
640,0.2,0.7,5,1.0,1.0,0.81,41.19
640,0.2,0.7,5,1.0,1.0,0.81,40.268
640,0.2,0.7,5,1.0,1.0,0.81,40.597
640,0.2,0.7,5,1.0,1.0,0.81,40.489
640,0.2,0.7,5,1.0,1.0,0.81,39.287
640,0.2,0.7,5,1.0,1.0,0.81,40.308
640,0.2,0.7,5,1.0,1.0,0.81,41.246
640,0.2,0.7,5,1.0,1.0,0.81,43.182
640,0.2,0.7,5,1.0,1.0,0.81,41.95
640,0.2,0.7,5,1.0,1.0,0.81,41.102
640,0.2,0.7,5,1.0,1.0,0.81,41.786
640,0.2,0.7,5,1.0,1.0,0.81,42.027
640,0.2,0.7,5,1.0,1.0,0.81,42.1
640,0.2,0.7,5,1.0,1.0,0.81,41.978
640,0.2,0.7,5,0.0,1.0,0.78,42.423
640,0.2,0.7,5,1.0,1.0,0.81,40.892
640,0.2,0.7,5,1.0,1.0,0.81,42.48
640,0.2,0.7,5,1.0,1.0,0.81,41.39
640,0.2,0.7,5,1.0,1.0,0.81,41.737
640,0.2,0.7,5,1.0,1.0,0.81,42.358
640,0.2,0.7,5,1.0,1.0,0.81,40.957
640,0.2,0.7,5,1.0,1.0,0.81,42.765
640,0.2,0.7,5,1.0,1.0,0.81,41.199
640,0.2,0.7,5,1.0,1.0,0.81,41.536
640,0.2,0.7,5,1.0,1.0,0.81,40.824
640,0.2,0.7,5,1.0,1.0,0.81,43.789
640,0.2,0.7,5,1.0,1.0,0.81,42.251
640,0.2,0.7,5,1.0,1.0,0.81,40.511
640,0.2,0.7,5,1.0,1.0,0.81,43.621
640,0.2,0.7,5,1.0,1.0,0.81,41.339
640,0.2,0.7,5,1.0,1.0,0.81,43.418
640,0.2,0.7,5,1.0,1.0,0.81,42.023
640,0.2,0.7,5,1.0,1.0,0.81,41.942
640,0.2,0.7,5,1.0,1.0,0.81,43.248
640,0.2,0.7,5,1.0,1.0,0.81,42.672
640,0.2,0.7,5,1.0,1.0,0.81,43.098
640,0.2,0.7,5,1.0,1.0,0.81,42.438
640,0.2,0.7,5,1.0,1.0,0.81,43.734
640,0.2,0.7,5,1.0,1.0,0.81,41.34
640,0.2,0.7,5,1.0,1.0,0.81,42.577
640,0.2,0.7,5,1.0,1.0,0.81,42.283
640,0.2,0.7,5,1.0,1.0,0.81,42.58
640,0.2,0.7,5,1.0,1.0,0.81,44.094
640,0.2,0.7,5,1.0,1.0,0.81,42.694
640,0.2,0.7,5,1.0,1.0,0.81,42.382
640,0.2,0.7,5,1.0,1.0,0.81,42.201
640,0.2,0.7,5,1.0,1.0,0.81,40.982
640,0.2,0.7,5,1.0,1.0,0.81,42.091
640,0.2,0.7,5,1.0,1.0,0.81,40.971
640,0.2,0.7,5,1.0,1.0,0.81,42.974
640,0.2,0.7,5,1.0,1.0,0.81,42.067
640,0.2,0.7,5,1.0,1.0,0.81,42.868
640,0.2,0.7,5,1.0,1.0,0.81,42.182
640,0.2,0.7,5,1.0,1.0,0.81,42.415
640,0.8,0.7,5,1.0,0.8500000000000001,0.78,49.03
640,0.2,0.7,5,1.0,1.0,0.81,41.843
640,0.2,0.7,5,1.0,1.0,0.81,42.236
640,0.2,0.7,5,1.0,1.0,0.81,41.804
640,0.2,0.7,5,1.0,1.0,0.81,42.879
640,0.2,0.7,5,1.0,1.0,0.81,42.441
640,0.2,0.7,5,1.0,1.0,0.81,41.875
640,0.2,0.7,5,1.0,1.0,0.81,42.071
640,0.2,0.7,5,1.0,1.0,0.81,42.77
640,0.2,0.7,5,1.0,1.0,0.81,42.524
640,0.2,0.7,5,1.0,1.0,0.81,42.572
640,0.2,0.7,5,1.0,1.0,0.81,41.023
640,0.2,0.7,5,1.0,1.0,0.81,42.316
640,0.2,0.7,5,1.0,1.0,0.81,42.429
640,0.2,0.7,5,1.0,1.0,0.81,42.417
640,0.2,0.7,5,1.0,1.0,0.81,41.525
640,0.2,0.7,5,1.0,1.0,0.81,42.974
640,0.2,0.7,5,1.0,1.0,0.81,40.758
640,0.2,0.7,5,1.0,1.0,0.81,42.383
640,0.2,0.7,5,1.0,1.0,0.81,41.558
640,0.2,0.7,5,1.0,1.0,0.81,41.704
640,0.2,0.7,5,1.0,1.0,0.81,40.977
640,0.2,0.7,5,1.0,1.0,0.81,42.019
640,0.2,0.7,5,1.0,1.0,0.81,42.473
640,0.2,0.7,5,1.0,1.0,0.81,40.659
640,0.2,0.7,5,1.0,1.0,0.81,41.603
640,0.2,0.7,5,1.0,1.0,0.81,41.425
640,0.2,0.7,5,1.0,1.0,0.81,41.411
640,0.2,0.7,5,1.0,1.0,0.81,40.85
640,0.2,0.7,5,1.0,1.0,0.81,41.751
640,0.2,0.7,5,1.0,1.0,0.81,40.857
640,0.2,0.7,5,1.0,1.0,0.81,41.229
640,0.2,0.7,5,1.0,1.0,0.81,40.549
640,0.2,0.7,5,0.0,1.0,0.78,40.681
640,0.2,0.7,5,1.0,1.0,0.81,43.743
640,0.2,0.7,5,0.0,1.0,0.78,41.717
640,0.2,0.7,5,1.0,1.0,0.81,41.285
640,0.2,0.7,5,1.0,1.0,0.81,41.306
640,0.2,0.7,5,1.0,1.0,0.81,40.981
640,0.2,0.7,5,1.0,1.0,0.81,42.179
960,0.2,0.7,5,1.0,0.9,0.81,37.771
640,0.2,0.7,5,1.0,1.0,0.81,40.668
640,0.2,0.7,5,1.0,1.0,0.81,42.763
640,0.2,0.7,5,1.0,1.0,0.81,40.539
640,0.2,0.7,5,1.0,1.0,0.81,40.796
640,0.2,0.7,5,1.0,1.0,0.81,41.891
640,0.2,0.7,5,1.0,1.0,0.81,42.502
640,0.2,0.7,5,1.0,1.0,0.81,40.447
640,0.2,0.7,5,1.0,1.0,0.81,41.237
640,0.2,0.7,5,1.0,1.0,0.81,40.161
640,0.2,0.7,5,1.0,1.0,0.81,42.902
640,0.2,0.7,5,1.0,1.0,0.81,42.582
640,0.2,0.7,5,1.0,1.0,0.81,43.152
640,0.2,0.7,5,1.0,1.0,0.81,42.449
640,0.2,0.7,5,1.0,1.0,0.81,41.94
640,0.2,0.7,5,1.0,1.0,0.81,41.511
640,0.2,0.7,5,1.0,1.0,0.81,41.052
640,0.2,0.7,5,1.0,1.0,0.81,42.399
640,0.2,0.7,5,1.0,1.0,0.81,40.741
640,0.2,0.7,5,1.0,1.0,0.81,40.744
640,0.2,0.7,5,1.0,1.0,0.81,42.353
960,0.2,0.7,5,1.0,0.9,0.81,38.195
640,0.2,0.7,5,1.0,1.0,0.81,42.306
640,0.2,0.7,5,1.0,1.0,0.81,40.997
640,0.2,0.7,5,1.0,1.0,0.81,42.872
640,0.2,0.7,5,1.0,1.0,0.81,40.989
640,0.2,0.7,5,1.0,1.0,0.81,40.532
640,0.2,0.7,5,1.0,1.0,0.81,40.597
640,0.2,0.7,5,1.0,1.0,0.81,41.487
640,0.2,0.7,5,1.0,1.0,0.81,39.587
640,0.2,0.7,5,1.0,1.0,0.81,41.247
640,0.2,0.7,5,1.0,1.0,0.81,41.221
640,0.2,0.7,5,1.0,1.0,0.81,39.579
640,0.2,0.7,5,0.0,1.0,0.78,41.652
640,0.2,0.7,5,1.0,1.0,0.81,40.089
640,0.2,0.7,5,1.0,1.0,0.81,41.055
640,0.2,0.7,5,1.0,1.0,0.81,40.645
640,0.2,0.7,5,1.0,1.0,0.81,41.425
640,0.2,0.7,5,1.0,1.0,0.81,41.559
640,0.2,0.7,5,1.0,1.0,0.81,41.699
640,0.2,0.7,5,1.0,1.0,0.81,42.466
640,0.2,0.7,5,1.0,1.0,0.81,40.971
640,0.2,0.7,5,1.0,1.0,0.81,41.573
640,0.2,0.7,5,1.0,1.0,0.81,40.758
640,0.2,0.7,5,1.0,1.0,0.81,41.956
640,0.2,0.7,5,1.0,1.0,0.81,41.981
640,0.2,0.7,5,1.0,1.0,0.81,41.667
640,0.2,0.7,5,1.0,1.0,0.81,43.186
640,0.2,0.7,5,1.0,1.0,0.81,41.431
640,0.2,0.7,5,1.0,1.0,0.81,42.635
640,0.2,0.7,5,1.0,1.0,0.81,42.448
640,0.2,0.7,5,1.0,1.0,0.81,41.61
640,0.2,0.7,5,1.0,1.0,0.81,41.306
640,0.2,0.7,5,1.0,1.0,0.81,40.666
640,0.2,0.7,5,1.0,1.0,0.81,41.43
640,0.2,0.7,5,1.0,1.0,0.81,40.944
640,0.2,0.7,5,1.0,1.0,0.81,42.348
640,0.2,0.7,5,1.0,1.0,0.81,41.798
640,0.2,0.7,5,1.0,1.0,0.81,43.197
640,0.2,0.7,5,1.0,1.0,0.81,42.597
640,0.2,0.7,5,1.0,1.0,0.81,42.594
640,0.2,0.7,5,1.0,1.0,0.81,41.04
640,0.2,0.7,5,1.0,1.0,0.81,41.778
640,0.2,0.7,5,1.0,1.0,0.81,43.579
640,0.2,0.7,5,1.0,1.0,0.81,41.884
640,0.2,0.7,5,1.0,1.0,0.81,42.796
640,0.2,0.7,5,1.0,1.0,0.81,41.889
640,0.2,0.7,5,1.0,1.0,0.81,42.206
640,0.2,0.7,5,1.0,1.0,0.81,41.385
640,0.2,0.7,5,1.0,1.0,0.81,39.13
640,0.2,0.7,5,1.0,1.0,0.81,41.152
640,0.2,0.7,5,1.0,1.0,0.81,40.152
640,0.2,0.7,5,1.0,1.0,0.81,42.208
640,0.2,0.7,5,1.0,1.0,0.81,40.213
640,0.2,0.7,5,1.0,1.0,0.81,42.023
640,0.2,0.7,5,1.0,1.0,0.81,39.616
640,0.2,0.7,5,1.0,1.0,0.81,42.895
640,0.2,0.7,5,1.0,1.0,0.81,42.379
640,0.2,0.7,5,0.0,1.0,0.78,42.09
640,0.2,0.7,5,1.0,1.0,0.81,42.187
640,0.2,0.7,5,1.0,1.0,0.81,41.376
640,0.2,0.7,5,1.0,1.0,0.81,42.153
640,0.2,0.7,5,1.0,1.0,0.81,42.599
640,0.2,0.7,5,1.0,1.0,0.81,41.087
640,0.2,0.7,5,1.0,1.0,0.81,41.217
640,0.2,0.7,5,1.0,1.0,0.81,41.212
640,0.2,0.7,5,1.0,1.0,0.81,42.813
640,0.2,0.7,5,1.0,1.0,0.81,41.298
640,0.2,0.7,5,1.0,1.0,0.81,43.04
640,0.2,0.7,5,1.0,1.0,0.81,41.72
640,0.8,0.7,5,1.0,0.8500000000000001,0.78,48.595
640,0.2,0.7,5,1.0,1.0,0.81,42.682
640,0.2,0.7,5,1.0,1.0,0.81,40.54
640,0.2,0.7,5,0.0,1.0,0.78,42.383
640,0.2,0.7,5,1.0,1.0,0.81,40.415
640,0.2,0.7,5,1.0,1.0,0.81,42.386
640,0.2,0.7,5,1.0,1.0,0.81,41.098
640,0.2,0.7,5,1.0,1.0,0.81,42.504
640,0.2,0.7,5,1.0,1.0,0.81,40.932
640,0.2,0.7,5,1.0,1.0,0.81,42.372
640,0.2,0.7,5,1.0,1.0,0.81,41.806
640,0.2,0.7,5,1.0,1.0,0.81,40.086
960,0.2,0.7,5,1.0,0.9,0.81,37.667
640,0.2,0.7,5,1.0,1.0,0.81,41.643
640,0.2,0.7,5,1.0,1.0,0.81,43.386
640,0.2,0.7,5,1.0,1.0,0.81,40.888
640,0.2,0.7,5,1.0,1.0,0.81,42.543
640,0.2,0.7,5,1.0,1.0,0.81,42.936
640,0.2,0.7,5,1.0,1.0,0.81,40.823
640,0.2,0.7,5,1.0,1.0,0.81,41.89
640,0.2,0.7,5,1.0,1.0,0.81,39.821
640,0.2,0.7,5,1.0,1.0,0.81,40.44
640,0.2,0.7,5,1.0,1.0,0.81,40.796
640,0.2,0.7,5,1.0,1.0,0.81,41.558
640,0.2,0.7,5,1.0,1.0,0.81,41.09
640,0.2,0.7,5,1.0,1.0,0.81,41.371
640,0.2,0.7,5,1.0,1.0,0.81,41.071
640,0.2,0.7,5,1.0,1.0,0.81,40.938
640,0.2,0.7,5,1.0,1.0,0.81,42.806
640,0.2,0.7,5,1.0,1.0,0.81,40.197
640,0.2,0.7,5,1.0,1.0,0.81,42.566
640,0.2,0.7,5,1.0,1.0,0.81,40.888
640,0.2,0.7,5,1.0,1.0,0.81,41.298
640,0.2,0.7,5,1.0,1.0,0.81,39.334
640,0.2,0.7,5,1.0,1.0,0.81,41.132
640,0.2,0.7,5,1.0,1.0,0.81,40.69
640,0.2,0.7,5,1.0,1.0,0.81,40.805
640,0.2,0.7,5,1.0,1.0,0.81,41.501
640,0.2,0.7,5,1.0,1.0,0.81,40.113
640,0.2,0.7,5,1.0,1.0,0.81,41.15
640,0.2,0.7,5,1.0,1.0,0.81,41.543
640,0.2,0.7,5,1.0,1.0,0.81,42.255
640,0.2,0.7,5,1.0,1.0,0.81,42.126
640,0.2,0.7,5,1.0,1.0,0.81,41.441
640,0.2,0.7,5,1.0,1.0,0.81,42.69
640,0.2,0.7,5,1.0,1.0,0.81,40.272
640,0.2,0.7,5,1.0,1.0,0.81,41.462
640,0.2,0.7,5,1.0,1.0,0.81,41.392
640,0.2,0.7,5,1.0,1.0,0.81,41.873
640,0.2,0.7,5,1.0,1.0,0.81,41.576
640,0.2,0.7,5,1.0,1.0,0.81,41.943
640,0.2,0.7,5,1.0,1.0,0.81,41.753
640,0.2,0.7,5,1.0,1.0,0.81,40.342
640,0.2,0.7,5,1.0,1.0,0.81,41.805
640,0.2,0.7,5,1.0,1.0,0.81,41.285
640,0.2,0.7,5,1.0,1.0,0.81,43.636
640,0.2,0.7,5,1.0,1.0,0.81,42.688
640,0.2,0.7,5,1.0,1.0,0.81,43.139
640,0.2,0.7,5,1.0,1.0,0.81,42.994
640,0.2,0.7,5,1.0,1.0,0.81,40.854
640,0.2,0.7,5,1.0,1.0,0.81,42.185
640,0.2,0.7,5,1.0,1.0,0.81,41.275
640,0.2,0.7,5,1.0,1.0,0.81,42.755
640,0.2,0.7,5,1.0,1.0,0.81,41.892
640,0.2,0.7,5,1.0,1.0,0.81,41.227
640,0.2,0.7,5,1.0,1.0,0.81,41.879
640,0.8,0.7,5,1.0,0.8500000000000001,0.78,51.141
640,0.2,0.7,5,1.0,1.0,0.81,42.83
640,0.2,0.7,5,1.0,1.0,0.81,41.208
640,0.2,0.7,5,1.0,1.0,0.81,42.656
640,0.2,0.7,5,1.0,1.0,0.81,41.737
640,0.2,0.7,5,1.0,1.0,0.81,42.418
640,0.2,0.7,5,1.0,1.0,0.81,42.4
640,0.2,0.7,5,1.0,1.0,0.81,41.374
640,0.2,0.7,5,1.0,1.0,0.81,42.57
640,0.2,0.7,5,1.0,1.0,0.81,41.23
640,0.2,0.7,5,1.0,1.0,0.81,43.243
640,0.2,0.7,5,1.0,1.0,0.81,43.291
640,0.2,0.7,5,1.0,1.0,0.81,41.339
640,0.2,0.7,5,1.0,1.0,0.81,42.528
640,0.2,0.7,5,1.0,1.0,0.81,41.935
640,0.2,0.7,5,1.0,1.0,0.81,42.703
640,0.2,0.7,5,0.0,1.0,0.78,41.655
640,0.2,0.7,5,1.0,1.0,0.81,41.833
640,0.2,0.7,5,1.0,1.0,0.81,42.443
640,0.2,0.7,5,1.0,1.0,0.81,43.213
640,0.2,0.7,5,1.0,1.0,0.81,42.523
640,0.2,0.7,5,1.0,1.0,0.81,40.482
640,0.2,0.7,5,1.0,1.0,0.81,42.233
640,0.2,0.7,5,1.0,1.0,0.81,36.135
640,0.2,0.7,5,1.0,1.0,0.81,36.169
640,0.2,0.7,5,0.0,1.0,0.78,36.686
640,0.2,0.7,5,1.0,1.0,0.81,36.823
640,0.2,0.7,5,1.0,1.0,0.81,35.564
640,0.2,0.7,5,1.0,1.0,0.81,36.291
640,0.2,0.7,5,1.0,1.0,0.81,35.618
640,0.2,0.7,5,1.0,1.0,0.81,36.152
640,0.2,0.7,5,1.0,1.0,0.81,36.312
640,0.2,0.7,5,1.0,1.0,0.81,36.456
640,0.2,0.7,5,1.0,1.0,0.81,40.662
640,0.2,0.7,5,1.0,1.0,0.81,42.005
640,0.2,0.7,5,1.0,1.0,0.81,40.877
640,0.2,0.7,5,1.0,1.0,0.81,40.083
640,0.2,0.7,5,1.0,1.0,0.81,40.488
640,0.2,0.7,5,1.0,1.0,0.81,41.731
640,0.2,0.7,5,1.0,1.0,0.81,42.561
640,0.2,0.7,5,1.0,1.0,0.81,42.412
640,0.2,0.7,5,1.0,1.0,0.81,41.69
640,0.2,0.7,5,1.0,1.0,0.81,40.842
640,0.2,0.7,5,1.0,1.0,0.81,43.191
640,0.2,0.7,5,1.0,1.0,0.81,43.542
640,0.2,0.7,5,1.0,1.0,0.81,42.765
640,0.2,0.7,5,1.0,1.0,0.81,42.317
640,0.2,0.7,5,1.0,1.0,0.81,42.266
640,0.2,0.7,5,1.0,1.0,0.81,42.018
640,0.2,0.7,5,1.0,1.0,0.81,41.037
640,0.2,0.7,5,1.0,1.0,0.81,41.681
640,0.2,0.7,5,1.0,1.0,0.81,40.971
640,0.2,0.7,5,1.0,1.0,0.81,43.598
640,0.2,0.7,5,1.0,1.0,0.81,41.223
640,0.2,0.7,5,1.0,1.0,0.81,40.448
640,0.2,0.7,5,1.0,1.0,0.81,41.572
640,0.2,0.7,5,1.0,1.0,0.81,42.485
640,0.2,0.7,5,1.0,1.0,0.81,43.493
640,0.2,0.7,5,1.0,1.0,0.81,41.013
640,0.2,0.7,5,1.0,1.0,0.81,41.324
640,0.2,0.7,5,1.0,1.0,0.81,40.953
640,0.2,0.7,5,1.0,1.0,0.81,41.383
640,0.2,0.7,5,1.0,1.0,0.81,42.486
640,0.2,0.7,5,1.0,1.0,0.81,40.384
640,0.2,0.7,5,1.0,1.0,0.81,41.355
640,0.2,0.7,5,1.0,1.0,0.81,39.904
640,0.2,0.7,5,1.0,1.0,0.81,38.955
640,0.2,0.7,5,1.0,1.0,0.81,39.626
640,0.2,0.7,5,1.0,1.0,0.81,40.627
960,0.2,0.7,5,1.0,0.9,0.81,36.195
640,0.2,0.7,5,1.0,1.0,0.81,43.254
640,0.2,0.7,5,1.0,1.0,0.81,41.528
640,0.2,0.7,5,1.0,1.0,0.81,40.746
640,0.2,0.7,5,1.0,1.0,0.81,38.605
640,0.2,0.7,5,1.0,1.0,0.81,38.702
640,0.2,0.7,5,1.0,1.0,0.81,36.065
640,0.2,0.7,5,1.0,1.0,0.81,30.843
640,0.2,0.7,5,1.0,1.0,0.81,30.258
640,0.2,0.7,5,1.0,1.0,0.81,28.845
640,0.2,0.7,5,1.0,1.0,0.81,29.402
640,0.2,0.7,5,1.0,1.0,0.81,28.936
640,0.2,0.7,5,1.0,1.0,0.81,29.954
640,0.2,0.7,5,1.0,1.0,0.81,27.865
640,0.2,0.7,5,1.0,1.0,0.81,36.812
640,0.2,0.7,5,1.0,1.0,0.81,38.972
640,0.2,0.7,5,1.0,1.0,0.81,40.841
640,0.2,0.7,5,1.0,1.0,0.81,40.226
640,0.2,0.7,5,1.0,1.0,0.81,42.32
640,0.8,0.7,5,1.0,0.8500000000000001,0.78,48.879
640,0.2,0.7,5,1.0,1.0,0.81,42.136
640,0.2,0.7,5,1.0,1.0,0.81,41.683
640,0.2,0.7,5,1.0,1.0,0.81,41.162
640,0.2,0.7,5,1.0,1.0,0.81,43.193
640,0.2,0.7,5,1.0,1.0,0.81,41.443
640,0.2,0.7,5,1.0,1.0,0.81,42.296
640,0.2,0.7,5,1.0,1.0,0.81,42.74
640,0.2,0.7,5,1.0,1.0,0.81,41.084
640,0.2,0.7,5,1.0,1.0,0.81,42.449
640,0.2,0.7,5,1.0,1.0,0.81,41.432
640,0.2,0.7,5,1.0,1.0,0.81,42.396
640,0.2,0.7,5,1.0,1.0,0.81,42.136
640,0.2,0.7,5,1.0,1.0,0.81,42.703
640,0.2,0.7,5,1.0,1.0,0.81,44.161
640,0.2,0.7,5,1.0,1.0,0.81,42.329
640,0.2,0.7,5,0.0,1.0,0.78,42.375
640,0.2,0.7,5,1.0,1.0,0.81,42.156
640,0.2,0.7,5,1.0,1.0,0.81,44.082
640,0.2,0.7,5,1.0,1.0,0.81,42.696
640,0.2,0.7,5,1.0,1.0,0.81,41.979
640,0.2,0.7,5,1.0,1.0,0.81,43.128
640,0.2,0.7,5,0.0,1.0,0.78,42.357
640,0.2,0.7,5,1.0,1.0,0.81,42.843
640,0.2,0.7,5,1.0,1.0,0.81,42.293
640,0.2,0.7,5,1.0,1.0,0.81,43.278
640,0.2,0.7,5,1.0,1.0,0.81,42.486
640,0.2,0.7,5,1.0,1.0,0.81,42.449
640,0.2,0.7,5,1.0,1.0,0.81,41.026
640,0.2,0.7,5,1.0,1.0,0.81,43.045
640,0.2,0.7,5,1.0,1.0,0.81,42.941
640,0.2,0.7,5,1.0,1.0,0.81,43.496
640,0.2,0.7,5,1.0,1.0,0.81,44.25
640,0.2,0.7,5,1.0,1.0,0.81,43.925
640,0.2,0.7,5,1.0,1.0,0.81,43.531
960,0.2,0.7,5,1.0,0.9,0.81,39.199
640,0.2,0.7,5,1.0,1.0,0.81,42.442
640,0.2,0.7,5,1.0,1.0,0.81,39.74
640,0.2,0.7,5,1.0,1.0,0.81,40.092
640,0.2,0.7,5,1.0,1.0,0.81,39.611
640,0.2,0.7,5,1.0,1.0,0.81,37.507
640,0.2,0.7,5,0.0,1.0,0.78,40.517
640,0.2,0.7,5,1.0,1.0,0.81,38.906
640,0.2,0.7,5,1.0,1.0,0.81,38.692
640,0.2,0.7,5,1.0,1.0,0.81,38.984
640,0.2,0.7,5,1.0,1.0,0.81,38.418
640,0.2,0.7,5,1.0,1.0,0.81,38.954
640,0.2,0.7,5,1.0,1.0,0.81,39.794
640,0.2,0.7,5,1.0,1.0,0.81,39.636
640,0.2,0.7,5,1.0,1.0,0.81,39.437
640,0.2,0.7,5,1.0,1.0,0.81,40.944
640,0.2,0.7,5,1.0,1.0,0.81,38.894
640,0.2,0.7,5,1.0,1.0,0.81,39.753
640,0.2,0.7,5,1.0,1.0,0.81,39.071
640,0.2,0.7,5,1.0,1.0,0.81,39.561
640,0.2,0.7,5,1.0,1.0,0.81,38.334
640,0.2,0.7,5,1.0,1.0,0.81,40.24
640,0.2,0.7,5,1.0,1.0,0.81,36.539
640,0.2,0.7,5,1.0,1.0,0.81,38.523
640,0.2,0.7,5,0.0,1.0,0.78,39.774
640,0.2,0.7,5,1.0,1.0,0.81,38.28
640,0.2,0.7,5,1.0,1.0,0.81,39.6
640,0.2,0.7,5,1.0,1.0,0.81,38.607
640,0.2,0.7,5,1.0,1.0,0.81,41.132
640,0.2,0.7,5,1.0,1.0,0.81,38.916
640,0.2,0.7,5,1.0,1.0,0.81,41.204
640,0.2,0.7,5,1.0,1.0,0.81,35.572
640,0.2,0.7,5,1.0,1.0,0.81,39.105
640,0.2,0.7,5,1.0,1.0,0.81,35.968
640,0.2,0.7,5,1.0,1.0,0.81,38.205
640,0.2,0.7,5,1.0,1.0,0.81,39.701
640,0.2,0.7,5,1.0,1.0,0.81,38.75
640,0.2,0.7,5,1.0,1.0,0.81,39.053
640,0.2,0.7,5,1.0,1.0,0.81,37.825
640,0.2,0.7,5,1.0,1.0,0.81,38.777
640,0.2,0.7,5,1.0,1.0,0.81,39.358
640,0.2,0.7,5,1.0,1.0,0.81,40.809
640,0.2,0.7,5,1.0,1.0,0.81,38.903
640,0.2,0.7,5,1.0,1.0,0.81,40.15
640,0.2,0.7,5,1.0,1.0,0.81,38.45
640,0.2,0.7,5,1.0,1.0,0.81,40.371
640,0.2,0.7,5,1.0,1.0,0.81,39.486
640,0.2,0.7,5,1.0,1.0,0.81,39.79
640,0.2,0.7,5,1.0,1.0,0.81,39.438
640,0.2,0.7,5,1.0,1.0,0.81,36.484
640,0.2,0.7,5,0.0,1.0,0.78,39.405
640,0.2,0.7,5,1.0,1.0,0.81,38.405
640,0.2,0.7,5,1.0,1.0,0.81,36.814
640,0.2,0.7,5,1.0,1.0,0.81,39.548
640,0.2,0.7,5,1.0,1.0,0.81,39.79
640,0.2,0.7,5,1.0,1.0,0.81,39.219
640,0.2,0.7,5,1.0,1.0,0.81,40.994
640,0.2,0.7,5,1.0,1.0,0.81,37.633
640,0.2,0.7,5,1.0,1.0,0.81,41.126
640,0.2,0.7,5,1.0,1.0,0.81,40.024
640,0.2,0.7,5,1.0,1.0,0.81,39.976
640,0.2,0.7,5,1.0,1.0,0.81,32.635
640,0.2,0.7,5,1.0,1.0,0.81,26.889
640,0.2,0.7,5,1.0,1.0,0.81,28.529
640,0.2,0.7,5,1.0,1.0,0.81,28.733
640,0.2,0.7,5,1.0,1.0,0.81,29.116
640,0.2,0.7,5,1.0,1.0,0.81,29.319
640,0.2,0.7,5,1.0,1.0,0.81,31.061
640,0.2,0.7,5,1.0,1.0,0.81,29.276
640,0.2,0.7,5,1.0,1.0,0.81,29.994
640,0.2,0.7,5,1.0,1.0,0.81,30.468
640,0.2,0.7,5,1.0,1.0,0.81,30.37
640,0.2,0.7,5,1.0,1.0,0.81,30.495
640,0.2,0.7,5,1.0,1.0,0.81,29.755
640,0.2,0.7,5,1.0,1.0,0.81,28.969
640,0.2,0.7,5,1.0,1.0,0.81,25.978
640,0.2,0.7,5,1.0,1.0,0.81,26.304
640,0.2,0.7,5,1.0,1.0,0.81,28.222
640,0.2,0.7,5,1.0,1.0,0.81,25.716
640,0.2,0.7,5,1.0,1.0,0.81,25.247
640,0.2,0.7,5,1.0,1.0,0.81,27.539
640,0.2,0.7,5,1.0,1.0,0.81,29.068
640,0.2,0.7,5,1.0,1.0,0.81,28.554
640,0.2,0.7,5,1.0,1.0,0.81,28.21
640,0.2,0.7,5,1.0,1.0,0.81,28.586
640,0.2,0.7,5,1.0,1.0,0.81,30.017
640,0.2,0.7,5,1.0,1.0,0.81,31.116
640,0.2,0.7,5,1.0,1.0,0.81,30.619
640,0.2,0.7,5,1.0,1.0,0.81,31.356
640,0.2,0.7,5,1.0,1.0,0.81,29.956
640,0.2,0.7,5,1.0,1.0,0.81,29.806
640,0.2,0.7,5,1.0,1.0,0.81,29.599
640,0.8,0.7,5,1.0,0.8500000000000001,0.78,36.64
640,0.2,0.7,5,1.0,1.0,0.81,31.648
640,0.2,0.7,5,1.0,1.0,0.81,31.213
640,0.2,0.7,5,1.0,1.0,0.81,31.814
640,0.8,0.7,5,1.0,0.8500000000000001,0.78,36.299
640,0.2,0.7,5,1.0,1.0,0.81,29.835
640,0.2,0.7,5,1.0,1.0,0.81,29.52
640,0.2,0.7,5,1.0,1.0,0.81,29.527
640,0.2,0.7,5,1.0,1.0,0.81,30.44
640,0.2,0.7,5,1.0,1.0,0.81,30.524
640,0.2,0.7,5,1.0,1.0,0.81,31.12
640,0.2,0.7,5,1.0,1.0,0.81,30.184
640,0.2,0.7,5,0.0,1.0,0.78,30.587
640,0.8,0.7,5,1.0,0.8500000000000001,0.78,35.831
640,0.2,0.7,5,1.0,1.0,0.81,30.392
640,0.2,0.7,5,1.0,1.0,0.81,30.656
640,0.2,0.7,5,1.0,1.0,0.81,29.693
640,0.2,0.7,5,1.0,1.0,0.81,30.134
640,0.2,0.7,5,1.0,1.0,0.81,30.361
640,0.2,0.7,5,1.0,1.0,0.81,30.859
640,0.2,0.7,5,1.0,1.0,0.81,30.897
640,0.2,0.7,5,1.0,1.0,0.81,30.229
640,0.2,0.7,5,1.0,1.0,0.81,30.893
640,0.2,0.7,5,1.0,1.0,0.81,30.325
640,0.2,0.7,5,1.0,1.0,0.81,30.564
640,0.2,0.7,5,1.0,1.0,0.81,30.848
640,0.2,0.7,5,1.0,1.0,0.81,28.977
640,0.2,0.7,5,1.0,1.0,0.81,31.011
640,0.2,0.7,5,0.0,1.0,0.78,30.749
640,0.2,0.7,5,1.0,1.0,0.81,30.868
640,0.2,0.7,5,1.0,1.0,0.81,30.532
640,0.2,0.7,5,1.0,1.0,0.81,29.236
960,0.2,0.7,5,1.0,0.9,0.81,28.203
640,0.2,0.7,5,1.0,1.0,0.81,30.621
640,0.2,0.7,5,1.0,1.0,0.81,31.863
640,0.2,0.7,5,1.0,1.0,0.81,31.782
640,0.2,0.7,5,1.0,1.0,0.81,30.951
640,0.2,0.7,5,1.0,1.0,0.81,29.469
640,0.2,0.7,5,1.0,1.0,0.81,28.508
640,0.2,0.7,5,1.0,1.0,0.81,30.079
640,0.2,0.7,5,1.0,1.0,0.81,31.141
640,0.2,0.7,5,1.0,1.0,0.81,31.237
640,0.2,0.7,5,1.0,1.0,0.81,32.322
640,0.2,0.7,5,1.0,1.0,0.81,29.507
640,0.2,0.7,5,1.0,1.0,0.81,28.893
640,0.2,0.7,5,1.0,1.0,0.81,30.665
640,0.2,0.7,5,1.0,1.0,0.81,30.822
640,0.2,0.7,5,1.0,1.0,0.81,30.389
640,0.2,0.7,5,1.0,1.0,0.81,29.601
640,0.2,0.7,5,1.0,1.0,0.81,29.638
640,0.2,0.7,5,1.0,1.0,0.81,29.225
640,0.2,0.7,5,1.0,1.0,0.81,30.813
640,0.2,0.7,5,1.0,1.0,0.81,31.063
640,0.2,0.7,5,1.0,1.0,0.81,28.058
640,0.2,0.7,5,1.0,1.0,0.81,32.288
640,0.2,0.7,5,0.0,1.0,0.78,32.377
640,0.2,0.7,5,1.0,1.0,0.81,32.279
640,0.2,0.7,5,1.0,1.0,0.81,30.652
640,0.2,0.7,5,1.0,1.0,0.81,29.936
640,0.2,0.7,5,1.0,1.0,0.81,32.182
640,0.2,0.7,5,1.0,1.0,0.81,31.655
640,0.2,0.7,5,1.0,1.0,0.81,31.706
640,0.2,0.7,5,1.0,1.0,0.81,32.675
640,0.2,0.7,5,1.0,1.0,0.81,31.086
640,0.2,0.7,5,1.0,1.0,0.81,29.858
640,0.2,0.7,5,1.0,1.0,0.81,29.187
640,0.2,0.7,5,1.0,1.0,0.81,31.365
640,0.2,0.7,5,1.0,1.0,0.81,30.628
640,0.2,0.7,5,1.0,1.0,0.81,31.86
640,0.2,0.7,5,1.0,1.0,0.81,28.427
640,0.2,0.7,5,1.0,1.0,0.81,28.081
640,0.2,0.7,5,1.0,1.0,0.81,31.202
640,0.2,0.7,5,1.0,1.0,0.81,30.614
640,0.2,0.7,5,1.0,1.0,0.81,29.671
640,0.2,0.7,5,1.0,1.0,0.81,30.037
640,0.2,0.7,5,1.0,1.0,0.81,29.407
640,0.2,0.7,5,1.0,1.0,0.81,30.525
640,0.2,0.7,5,1.0,1.0,0.81,30.129
640,0.2,0.7,5,1.0,1.0,0.81,30.34
640,0.2,0.7,5,1.0,1.0,0.81,30.746
640,0.2,0.7,5,1.0,1.0,0.81,29.705
640,0.2,0.7,5,1.0,1.0,0.81,29.627
640,0.2,0.7,5,1.0,1.0,0.81,29.74
640,0.2,0.7,5,1.0,1.0,0.81,31.317
640,0.2,0.7,5,1.0,1.0,0.81,30.342
640,0.2,0.7,5,1.0,1.0,0.81,27.595
640,0.2,0.7,5,1.0,1.0,0.81,31.048
640,0.2,0.7,5,1.0,1.0,0.81,29.858
640,0.2,0.7,5,1.0,1.0,0.81,29.716
640,0.2,0.7,5,1.0,1.0,0.81,30.861
640,0.2,0.7,5,1.0,1.0,0.81,29.331
640,0.8,0.7,5,1.0,0.8500000000000001,0.78,35.813
640,0.2,0.7,5,1.0,1.0,0.81,29.412
640,0.2,0.7,5,1.0,1.0,0.81,31.735
640,0.2,0.7,5,1.0,1.0,0.81,30.112
640,0.2,0.7,5,1.0,1.0,0.81,29.384
640,0.2,0.7,5,1.0,1.0,0.81,30.693
640,0.2,0.7,5,1.0,1.0,0.81,30.018
640,0.2,0.7,5,1.0,1.0,0.81,30.703
640,0.2,0.7,5,1.0,1.0,0.81,29.339
640,0.2,0.7,5,1.0,1.0,0.81,30.668
640,0.2,0.7,5,1.0,1.0,0.81,30.423
640,0.2,0.7,5,1.0,1.0,0.81,30.08
640,0.2,0.7,5,1.0,1.0,0.81,30.038
640,0.2,0.7,5,1.0,1.0,0.81,30.123
640,0.2,0.7,5,1.0,1.0,0.81,29.977
640,0.2,0.7,5,1.0,1.0,0.81,30.69
640,0.2,0.7,5,1.0,1.0,0.81,30.284
640,0.2,0.7,5,1.0,1.0,0.81,30.636
640,0.2,0.7,5,1.0,1.0,0.81,30.256
640,0.2,0.7,5,1.0,1.0,0.81,30.023
640,0.2,0.7,5,1.0,1.0,0.81,29.663
640,0.2,0.7,5,1.0,1.0,0.81,29.257
640,0.2,0.7,5,1.0,1.0,0.81,29.614
640,0.2,0.7,5,1.0,1.0,0.81,29.303
640,0.2,0.7,5,1.0,1.0,0.81,30.376
640,0.2,0.7,5,1.0,1.0,0.81,29.94
640,0.2,0.7,5,1.0,1.0,0.81,29.249
640,0.2,0.7,5,1.0,1.0,0.81,29.996
640,0.2,0.7,5,1.0,1.0,0.81,30.038
640,0.2,0.7,5,1.0,1.0,0.81,31.41
640,0.2,0.7,5,1.0,1.0,0.81,31.032
640,0.2,0.7,5,1.0,1.0,0.81,30.777
640,0.2,0.7,5,1.0,1.0,0.81,31.254
640,0.2,0.7,5,1.0,1.0,0.81,30.27
640,0.2,0.7,5,1.0,1.0,0.81,30.797
640,0.2,0.7,5,1.0,1.0,0.81,30.932
640,0.2,0.7,5,1.0,1.0,0.81,29.65
640,0.2,0.7,5,1.0,1.0,0.81,30.376
640,0.2,0.7,5,1.0,1.0,0.81,29.308
640,0.2,0.7,5,1.0,1.0,0.81,31.101
640,0.2,0.7,5,1.0,1.0,0.81,31.367
640,0.2,0.7,5,1.0,1.0,0.81,31.737
640,0.2,0.7,5,1.0,1.0,0.81,31.128
640,0.2,0.7,5,1.0,1.0,0.81,29.183
640,0.2,0.7,5,1.0,1.0,0.81,30.961
640,0.2,0.7,5,1.0,1.0,0.81,30.056
640,0.2,0.7,5,1.0,1.0,0.81,29.693
640,0.2,0.7,5,1.0,1.0,0.81,29.641
640,0.2,0.7,5,1.0,1.0,0.81,29.002
640,0.2,0.7,5,1.0,1.0,0.81,29.468
640,0.2,0.7,5,0.0,1.0,0.78,29.913
640,0.2,0.7,5,1.0,1.0,0.81,30.715
640,0.2,0.7,5,1.0,1.0,0.81,30.233
640,0.8,0.7,5,1.0,0.8500000000000001,0.78,36.864
640,0.2,0.7,5,1.0,1.0,0.81,30.774
640,0.2,0.7,5,1.0,1.0,0.81,31.029
640,0.2,0.7,5,1.0,1.0,0.81,31.459
640,0.2,0.7,5,1.0,1.0,0.81,30.524
640,0.2,0.7,5,1.0,1.0,0.81,30.865
640,0.2,0.7,5,1.0,1.0,0.81,28.566
640,0.2,0.7,5,1.0,1.0,0.81,30.613
640,0.2,0.7,5,1.0,1.0,0.81,30.222
640,0.2,0.7,5,1.0,1.0,0.81,29.77
640,0.2,0.7,5,1.0,1.0,0.81,29.597
640,0.2,0.7,5,1.0,1.0,0.81,30.513
640,0.2,0.7,5,1.0,1.0,0.81,29.906
640,0.2,0.7,5,1.0,1.0,0.81,30.771
640,0.2,0.7,5,1.0,1.0,0.81,30.194
640,0.2,0.7,5,1.0,1.0,0.81,30.333
640,0.2,0.7,5,1.0,1.0,0.81,29.757
640,0.2,0.7,5,1.0,1.0,0.81,31.039
640,0.2,0.7,5,1.0,1.0,0.81,30.399
640,0.2,0.7,5,1.0,1.0,0.81,31.037
640,0.2,0.7,5,0.0,1.0,0.78,31.282
640,0.2,0.7,5,1.0,1.0,0.81,30.239
640,0.2,0.7,5,1.0,1.0,0.81,29.973
640,0.2,0.7,5,1.0,1.0,0.81,31.203
640,0.2,0.7,5,1.0,1.0,0.81,28.137
640,0.2,0.7,5,1.0,1.0,0.81,28.99
640,0.2,0.7,5,1.0,1.0,0.81,28.263
640,0.2,0.7,5,1.0,1.0,0.81,30.54
640,0.2,0.7,5,1.0,1.0,0.81,30.887
640,0.2,0.7,5,1.0,1.0,0.81,31.529
640,0.2,0.7,5,1.0,1.0,0.81,31.811
640,0.2,0.7,5,1.0,1.0,0.81,30.415
640,0.2,0.7,5,1.0,1.0,0.81,30.982
640,0.2,0.7,5,1.0,1.0,0.81,30.72
640,0.2,0.7,5,1.0,1.0,0.81,30.446
640,0.2,0.7,5,1.0,1.0,0.81,29.887
640,0.2,0.7,5,1.0,1.0,0.81,30.659
640,0.2,0.7,5,1.0,1.0,0.81,31.051
640,0.2,0.7,5,1.0,1.0,0.81,30.354
640,0.2,0.7,5,1.0,1.0,0.81,30.57
640,0.2,0.7,5,1.0,1.0,0.81,30.385
640,0.2,0.7,5,1.0,1.0,0.81,30.262
640,0.2,0.7,5,1.0,1.0,0.81,30.671
640,0.2,0.7,5,1.0,1.0,0.81,30.244
640,0.2,0.7,5,1.0,1.0,0.81,30.099
640,0.2,0.7,5,1.0,1.0,0.81,30.955
640,0.2,0.7,5,0.0,1.0,0.78,30.113
640,0.2,0.7,5,1.0,1.0,0.81,31.025
640,0.2,0.7,5,1.0,1.0,0.81,30.65
640,0.2,0.7,5,1.0,1.0,0.81,30.203
640,0.2,0.7,5,1.0,1.0,0.81,31.223
640,0.2,0.7,5,1.0,1.0,0.81,31.29
640,0.2,0.7,5,1.0,1.0,0.81,30.535
640,0.2,0.7,5,1.0,1.0,0.81,37.15
640,0.2,0.7,5,1.0,1.0,0.81,43.159
640,0.2,0.7,5,1.0,1.0,0.81,42.489
640,0.2,0.7,5,1.0,1.0,0.81,44.038
640,0.2,0.7,5,1.0,1.0,0.81,41.271
640,0.2,0.7,5,1.0,1.0,0.81,41.286
640,0.2,0.7,5,1.0,1.0,0.81,37.927
640,0.2,0.7,5,1.0,1.0,0.81,38.08
640,0.2,0.7,5,1.0,1.0,0.81,38.321
640,0.2,0.7,5,1.0,1.0,0.81,36.737
640,0.2,0.7,5,1.0,1.0,0.81,37.874
640,0.2,0.7,5,1.0,1.0,0.81,40.15
640,0.2,0.7,5,1.0,1.0,0.81,39.912
640,0.2,0.7,5,1.0,1.0,0.81,37.85
640,0.2,0.7,5,1.0,1.0,0.81,38.125
640,0.2,0.7,5,1.0,1.0,0.81,38.116
640,0.2,0.7,5,1.0,1.0,0.81,38.146
640,0.2,0.7,5,1.0,1.0,0.81,37.444
640,0.2,0.7,5,1.0,1.0,0.81,37.921
640,0.2,0.7,5,1.0,1.0,0.81,37.68
640,0.2,0.7,5,1.0,1.0,0.81,36.682
640,0.2,0.7,5,1.0,1.0,0.81,40.733
640,0.2,0.7,5,1.0,1.0,0.81,38.519
640,0.2,0.7,5,1.0,1.0,0.81,38.393
640,0.2,0.7,5,1.0,1.0,0.81,38.577
640,0.2,0.7,5,1.0,1.0,0.81,38.303
640,0.2,0.7,5,1.0,1.0,0.81,43.241
640,0.2,0.7,5,1.0,1.0,0.81,41.897
640,0.2,0.7,5,1.0,1.0,0.81,43.842
640,0.2,0.7,5,1.0,1.0,0.81,41.608
640,0.2,0.7,5,1.0,1.0,0.81,39.768
640,0.2,0.7,5,1.0,1.0,0.81,41.014
640,0.2,0.7,5,1.0,1.0,0.81,36.882
640,0.2,0.7,5,1.0,1.0,0.81,38.631
640,0.2,0.7,5,1.0,1.0,0.81,37.638
640,0.2,0.7,5,1.0,1.0,0.81,38.118
640,0.2,0.7,5,1.0,1.0,0.81,38.897
640,0.2,0.7,5,1.0,1.0,0.81,39.121
640,0.2,0.7,5,1.0,1.0,0.81,38.487
640,0.2,0.7,5,1.0,1.0,0.81,38.804
640,0.2,0.7,5,1.0,1.0,0.81,39.571
640,0.2,0.7,5,1.0,1.0,0.81,41.764
640,0.2,0.7,5,1.0,1.0,0.81,40.641
640,0.2,0.7,5,1.0,1.0,0.81,38.526
640,0.2,0.7,5,1.0,1.0,0.81,39.334
640,0.2,0.7,5,1.0,1.0,0.81,38.997
640,0.2,0.7,5,1.0,1.0,0.81,38.923
640,0.2,0.7,5,1.0,1.0,0.81,42.12
640,0.2,0.7,5,1.0,1.0,0.81,43.304
640,0.2,0.7,5,1.0,1.0,0.81,41.236
640,0.2,0.7,5,1.0,1.0,0.81,43.384
640,0.2,0.7,5,1.0,1.0,0.81,41.432
640,0.2,0.7,5,1.0,1.0,0.81,39.73
640,0.2,0.7,5,1.0,1.0,0.81,38.324
640,0.2,0.7,5,1.0,1.0,0.81,41.59
640,0.2,0.7,5,1.0,1.0,0.81,43.344
640,0.2,0.7,5,1.0,1.0,0.81,41.528
640,0.2,0.7,5,1.0,1.0,0.81,41.394
640,0.2,0.7,5,1.0,1.0,0.81,39.096
640,0.2,0.7,5,1.0,1.0,0.81,39.813
640,0.2,0.7,5,1.0,1.0,0.81,37.661
640,0.2,0.7,5,1.0,1.0,0.81,37.342
